--
-- Script was generated by Devart dbForge Studio 2020 for MySQL, Version 9.0.688.0
-- Product home page: http://www.devart.com/dbforge/mysql/studio
-- Script date 20.09.2021 22:55:13
-- Server version: 8.0.26
-- Client version: 4.1
--

-- 
-- Disable foreign keys
-- 
/*!40014 SET @OLD_FOREIGN_KEY_CHECKS=@@FOREIGN_KEY_CHECKS, FOREIGN_KEY_CHECKS=0 */;

-- 
-- Set SQL mode
-- 
/*!40101 SET @OLD_SQL_MODE=@@SQL_MODE, SQL_MODE='NO_AUTO_VALUE_ON_ZERO' */;

-- 
-- Set character set the client will use to send SQL statements to the server
--
SET NAMES 'utf8';

--
-- Set default database
--
USE xbill;

--
-- Drop table `accounts`
--
DROP TABLE IF EXISTS accounts;

--
-- Drop table `addresses`
--
DROP TABLE IF EXISTS addresses;

--
-- Drop table `address_types`
--
DROP TABLE IF EXISTS address_types;

--
-- Drop table `agreements`
--
DROP TABLE IF EXISTS agreements;

--
-- Drop table `bills`
--
DROP TABLE IF EXISTS bills;

--
-- Drop table `calendar`
--
DROP TABLE IF EXISTS calendar;

--
-- Drop table `messages`
--
DROP TABLE IF EXISTS messages;

--
-- Drop table `message_types`
--
DROP TABLE IF EXISTS message_types;

--
-- Drop table `objects`
--
DROP TABLE IF EXISTS objects;

--
-- Drop table `payers`
--
DROP TABLE IF EXISTS payers;

--
-- Drop table `payments`
--
DROP TABLE IF EXISTS payments;

--
-- Drop table `payment_statuses`
--
DROP TABLE IF EXISTS payment_statuses;

--
-- Drop table `payment_transactions`
--
DROP TABLE IF EXISTS payment_transactions;

--
-- Drop table `settings`
--
DROP TABLE IF EXISTS settings;

--
-- Drop table `set_days_of_week`
--
DROP TABLE IF EXISTS set_days_of_week;

--
-- Drop table `set_yes_or_no`
--
DROP TABLE IF EXISTS set_yes_or_no;

--
-- Drop table `transactions`
--
DROP TABLE IF EXISTS transactions;

--
-- Drop table `users`
--
DROP TABLE IF EXISTS users;

--
-- Drop table `user_roles`
--
DROP TABLE IF EXISTS user_roles;

--
-- Drop table `period_calendar`
--
DROP TABLE IF EXISTS period_calendar;

--
-- Drop table `business_items`
--
DROP TABLE IF EXISTS business_items;

--
-- Drop table `payment_types`
--
DROP TABLE IF EXISTS payment_types;

--
-- Set default database
--
USE xbill;

--
-- Create table `payment_types`
--
CREATE TABLE payment_types (
  payment_type_id VARCHAR(255) NOT NULL,
  payment_type_name VARCHAR(255) DEFAULT NULL,
  lang_payment_type VARCHAR(255) DEFAULT NULL,
  PRIMARY KEY (payment_type_id)
)
ENGINE = INNODB,
AVG_ROW_LENGTH = 4096,
CHARACTER SET utf8mb4,
COLLATE utf8mb4_0900_ai_ci;

--
-- Create table `business_items`
--
CREATE TABLE business_items (
  business_id VARCHAR(50) NOT NULL,
  item_name VARCHAR(100) DEFAULT NULL,
  lang_item_name VARCHAR(100) DEFAULT NULL,
  is_active_locally TINYINT(1) DEFAULT 1,
  is_active_server TINYINT(1) DEFAULT 1,
  reason_change VARCHAR(255) DEFAULT NULL,
  updated_by VARCHAR(255) DEFAULT NULL,
  updated_datetime DATETIME DEFAULT CURRENT_TIMESTAMP,
  log_changes VARCHAR(255) DEFAULT NULL,
  PRIMARY KEY (business_id)
)
ENGINE = INNODB,
AVG_ROW_LENGTH = 1489,
CHARACTER SET utf8mb4,
COLLATE utf8mb4_0900_ai_ci;

--
-- Create table `period_calendar`
--
CREATE TABLE period_calendar (
  period_id BIGINT UNSIGNED NOT NULL AUTO_INCREMENT,
  start_date DATE NOT NULL,
  end_date DATE NOT NULL,
  payment_type_id VARCHAR(255) NOT NULL,
  business_item VARCHAR(255) NOT NULL,
  is_active TINYINT(1) NOT NULL,
  PRIMARY KEY (period_id)
)
ENGINE = INNODB,
AUTO_INCREMENT = 112,
AVG_ROW_LENGTH = 1365,
CHARACTER SET utf8mb4,
COLLATE utf8mb4_0900_ai_ci;

--
-- Create foreign key
--
ALTER TABLE period_calendar 
  ADD CONSTRAINT FK_period_calendar_business_item FOREIGN KEY (business_item)
    REFERENCES business_items(business_id);

--
-- Create foreign key
--
ALTER TABLE period_calendar 
  ADD CONSTRAINT FK_period_calendar_payment_type FOREIGN KEY (payment_type_id)
    REFERENCES payment_types(payment_type_id);

--
-- Create table `user_roles`
--
CREATE TABLE user_roles (
  role_id VARCHAR(50) NOT NULL,
  orderby INT NOT NULL DEFAULT 0,
  role_name VARCHAR(255) DEFAULT NULL,
  lang_role_name VARCHAR(255) DEFAULT NULL,
  PRIMARY KEY (role_id)
)
ENGINE = INNODB,
AVG_ROW_LENGTH = 2730,
CHARACTER SET utf8mb4,
COLLATE utf8mb4_0900_ai_ci;

--
-- Create table `users`
--
CREATE TABLE users (
  user_id BIGINT UNSIGNED NOT NULL AUTO_INCREMENT,
  full_name VARCHAR(255) NOT NULL,
  login VARCHAR(255) NOT NULL,
  password VARCHAR(255) NOT NULL,
  role_id VARCHAR(255) NOT NULL,
  is_active SMALLINT NOT NULL DEFAULT 1,
  hiring_date DATE DEFAULT NULL,
  closure_date DATE DEFAULT NULL,
  access_to_app TINYINT(1) DEFAULT NULL,
  PRIMARY KEY (user_id)
)
ENGINE = INNODB,
AUTO_INCREMENT = 33,
AVG_ROW_LENGTH = 1365,
CHARACTER SET utf8mb4,
COLLATE utf8mb4_0900_ai_ci;

--
-- Create table `transactions`
--
CREATE TABLE transactions (
  transaction_id BIGINT UNSIGNED NOT NULL AUTO_INCREMENT,
  payment_id BIGINT DEFAULT NULL,
  account_id BIGINT DEFAULT NULL,
  amount DECIMAL(14, 4) DEFAULT NULL,
  created_date DATETIME DEFAULT NULL,
  created_by VARCHAR(100) DEFAULT NULL,
  updated_date DATETIME DEFAULT NULL,
  updated_by VARCHAR(100) DEFAULT NULL,
  is_cancelled SMALLINT NOT NULL DEFAULT 0,
  PRIMARY KEY (transaction_id)
)
ENGINE = INNODB,
CHARACTER SET utf8mb4,
COLLATE utf8mb4_0900_ai_ci;

--
-- Create table `set_yes_or_no`
--
CREATE TABLE set_yes_or_no (
  id INT DEFAULT NULL,
  name VARCHAR(50) DEFAULT NULL,
  lang_name VARCHAR(50) DEFAULT NULL
)
ENGINE = INNODB,
AVG_ROW_LENGTH = 5461,
CHARACTER SET utf8mb4,
COLLATE utf8mb4_0900_ai_ci,
COMMENT = 'Для перевода значений ДА-НЕТ на язык подписчика';

--
-- Create table `set_days_of_week`
--
CREATE TABLE set_days_of_week (
  day_id INT UNSIGNED NOT NULL,
  day_name VARCHAR(100) DEFAULT NULL,
  lang_day_name VARCHAR(255) DEFAULT NULL
)
ENGINE = INNODB,
AVG_ROW_LENGTH = 2340,
CHARACTER SET utf8mb4,
COLLATE utf8mb4_0900_ai_ci,
COMMENT = 'Дни недели по номерам Для перевода дней недели на язык подписчика';

--
-- Create index `ID` on table `set_days_of_week`
--
ALTER TABLE set_days_of_week 
  ADD UNIQUE INDEX ID(day_id);

--
-- Create table `settings`
--
CREATE TABLE settings (
  setting_id BIGINT UNSIGNED NOT NULL AUTO_INCREMENT,
  s_key VARCHAR(255) NOT NULL,
  value VARCHAR(255) DEFAULT NULL,
  required SMALLINT NOT NULL,
  created_date DATETIME DEFAULT CURRENT_TIMESTAMP,
  created_by INT DEFAULT NULL,
  updated_date DATETIME DEFAULT NULL,
  updated_by INT DEFAULT NULL,
  PRIMARY KEY (setting_id)
)
ENGINE = INNODB,
AUTO_INCREMENT = 3,
AVG_ROW_LENGTH = 8192,
CHARACTER SET utf8mb4,
COLLATE utf8mb4_0900_ai_ci;

--
-- Create table `payment_transactions`
--
CREATE TABLE payment_transactions (
  payment_id BIGINT NOT NULL,
  transaction_id BIGINT NOT NULL,
  created_date DATETIME NOT NULL,
  created_by VARCHAR(100) NOT NULL,
  updated_date DATETIME DEFAULT NULL,
  updated_by VARCHAR(100) DEFAULT NULL
)
ENGINE = INNODB,
CHARACTER SET utf8mb4,
COLLATE utf8mb4_0900_ai_ci;

--
-- Create table `payment_statuses`
--
CREATE TABLE payment_statuses (
  status CHAR(1) NOT NULL,
  status_description VARCHAR(255) NOT NULL,
  PRIMARY KEY (status)
)
ENGINE = INNODB,
CHARACTER SET utf8mb4,
COLLATE utf8mb4_0900_ai_ci;

--
-- Create table `payments`
--
CREATE TABLE payments (
  payment_id BIGINT UNSIGNED NOT NULL AUTO_INCREMENT,
  payer_id INT NOT NULL,
  amount FLOAT(14, 4) NOT NULL,
  payment_date DATE NOT NULL,
  bank_statements_date DATE DEFAULT NULL,
  bank_statement_description TEXT DEFAULT NULL,
  payment_status CHAR(1) NOT NULL,
  payment_type_id VARCHAR(255) NOT NULL,
  bank_statements_number INT DEFAULT NULL,
  is_cancelled SMALLINT NOT NULL DEFAULT 0,
  created_by INT DEFAULT NULL,
  created_date DATETIME DEFAULT NULL,
  updated_by INT DEFAULT NULL,
  updated_date DATETIME DEFAULT NULL,
  PRIMARY KEY (payment_id)
)
ENGINE = INNODB,
CHARACTER SET utf8mb4,
COLLATE utf8mb4_0900_ai_ci;

--
-- Create table `payers`
--
CREATE TABLE payers (
  payer_id BIGINT UNSIGNED NOT NULL AUTO_INCREMENT,
  full_name VARCHAR(255) DEFAULT NULL,
  telephon_number VARCHAR(255) DEFAULT NULL,
  old_telephon_number VARCHAR(255) DEFAULT NULL,
  email VARCHAR(50) DEFAULT NULL,
  bank_filter_id INT DEFAULT NULL,
  agreement_id INT DEFAULT NULL,
  billing_address VARCHAR(255) DEFAULT NULL,
  PRIMARY KEY (payer_id)
)
ENGINE = INNODB,
CHARACTER SET utf8mb4,
COLLATE utf8mb4_0900_ai_ci;

--
-- Create table `objects`
--
CREATE TABLE objects (
  object_id BIGINT NOT NULL,
  house_address VARCHAR(255) DEFAULT NULL,
  location VARCHAR(255) DEFAULT NULL,
  payer_id INT NOT NULL,
  apartment_number INT DEFAULT NULL,
  apartment_code VARCHAR(50) DEFAULT NULL,
  front_door_number INT DEFAULT NULL,
  front_door_code VARCHAR(50) DEFAULT NULL,
  PRIMARY KEY (object_id)
)
ENGINE = INNODB,
CHARACTER SET utf8mb4,
COLLATE utf8mb4_0900_ai_ci;

--
-- Create table `message_types`
--
CREATE TABLE message_types (
  message_type VARCHAR(50) NOT NULL,
  PRIMARY KEY (message_type)
)
ENGINE = INNODB,
CHARACTER SET utf8mb4,
COLLATE utf8mb4_0900_ai_ci;

--
-- Create table `messages`
--
CREATE TABLE messages (
  message_id BIGINT NOT NULL,
  payer_id INT DEFAULT NULL,
  message_type VARCHAR(50) DEFAULT NULL,
  message_text TEXT DEFAULT NULL,
  send_date DATETIME DEFAULT NULL,
  updated DATETIME DEFAULT NULL,
  updated_by VARCHAR(255) DEFAULT NULL,
  PRIMARY KEY (message_id)
)
ENGINE = INNODB,
CHARACTER SET utf8mb4,
COLLATE utf8mb4_0900_ai_ci;

--
-- Create table `calendar`
--
CREATE TABLE calendar (
  calendar_id BIGINT UNSIGNED NOT NULL AUTO_INCREMENT,
  c_date DATETIME NOT NULL,
  c_day_of_month SMALLINT NOT NULL,
  c_is_work_day_locally SMALLINT NOT NULL,
  c_is_work_day_server SMALLINT NOT NULL,
  c_month SMALLINT NOT NULL,
  c_year SMALLINT NOT NULL,
  c_quater SMALLINT NOT NULL,
  c_day_of_week SMALLINT NOT NULL,
  c_reason_dayoff_locally VARCHAR(100) DEFAULT '',
  c_reason_dayoff_server VARCHAR(100) DEFAULT '',
  c_week_of_year SMALLINT DEFAULT NULL,
  c_day_of_year SMALLINT DEFAULT NULL,
  c_log_changes VARCHAR(255) DEFAULT NULL,
  PRIMARY KEY (calendar_id)
)
ENGINE = INNODB,
AUTO_INCREMENT = 1827,
AVG_ROW_LENGTH = 71,
CHARACTER SET utf8mb4,
COLLATE utf8mb4_0900_ai_ci;

--
-- Create index `calendar_dates` on table `calendar`
--
ALTER TABLE calendar 
  ADD UNIQUE INDEX calendar_dates(c_date);

--
-- Create table `bills`
--
CREATE TABLE bills (
  bill_id BIGINT UNSIGNED NOT NULL AUTO_INCREMENT,
  payer_id INT DEFAULT NULL,
  period_id INT DEFAULT NULL,
  bill_amount DECIMAL(15, 4) DEFAULT NULL,
  credit_account_id INT DEFAULT NULL,
  debet_account_id INT DEFAULT NULL,
  payment_date DATETIME DEFAULT NULL,
  payment_status CHAR(1) DEFAULT NULL,
  PRIMARY KEY (bill_id)
)
ENGINE = INNODB,
CHARACTER SET utf8mb4,
COLLATE utf8mb4_0900_ai_ci;

--
-- Create table `agreements`
--
CREATE TABLE agreements (
  agrement_id BIGINT UNSIGNED NOT NULL AUTO_INCREMENT,
  agreement_header VARCHAR(255) DEFAULT NULL,
  payer_id INT DEFAULT NULL,
  can_be_published SMALLINT DEFAULT NULL,
  PRIMARY KEY (agrement_id)
)
ENGINE = INNODB,
CHARACTER SET utf8mb4,
COLLATE utf8mb4_0900_ai_ci;

--
-- Create table `address_types`
--
CREATE TABLE address_types (
  at_id CHAR(1) NOT NULL,
  address_type VARCHAR(100) NOT NULL,
  lang_address_type VARCHAR(100) DEFAULT NULL
)
ENGINE = INNODB,
AVG_ROW_LENGTH = 1820,
CHARACTER SET utf8mb4,
COLLATE utf8mb4_0900_ai_ci;

--
-- Create table `addresses`
--
CREATE TABLE addresses (
  address_id BIGINT UNSIGNED NOT NULL AUTO_INCREMENT,
  address_type_id VARCHAR(100) DEFAULT NULL,
  location VARCHAR(200) NOT NULL,
  PRIMARY KEY (address_id)
)
ENGINE = INNODB,
CHARACTER SET utf8mb4,
COLLATE utf8mb4_0900_ai_ci;

--
-- Create table `accounts`
--
CREATE TABLE accounts (
  account_id BIGINT UNSIGNED NOT NULL AUTO_INCREMENT,
  payer_id INT NOT NULL,
  account_amount DECIMAL(15, 4) NOT NULL,
  PRIMARY KEY (account_id)
)
ENGINE = INNODB,
CHARACTER SET utf8mb4,
COLLATE utf8mb4_0900_ai_ci;

-- 
-- Dumping data for table payment_types
--
INSERT INTO payment_types VALUES
('MONTHLY', 'Every month', 'Каждый месяц'),
('QUARTERLY', 'Euvery quartеr', 'Каждый квартал'),
('WEEKLY', 'Every week', 'Каждую неделю'),
('YEARLY', 'Every year', 'Каждый год');

-- 
-- Dumping data for table business_items
--
INSERT INTO business_items VALUES
('CLEANING', 'Territory cleaning', 'Уборка территории', 1, 1, NULL, NULL, NULL, NULL),
('COLD', 'Cold water supply', 'Поставка холодной воды', 0, 1, NULL, NULL, NULL, NULL),
('COSTS', 'Enterprise running costs', 'Расходы на ведение предприятия', 0, 1, NULL, NULL, NULL, NULL),
('ELECTRO', 'Electricity supply', 'Поставка электричества', 1, 1, NULL, NULL, NULL, NULL),
('GARBAGE', 'Garbage removal', 'Вывоз мусора', 1, 1, 'Главбух хочет', 'Admin', '2021-09-19 23:27:26', 'Изменено пользователем Admin:19.09.2021 23:27:25'),
('GAS', 'Gas supply', 'Поставка газа', 1, 1, 'Разрешение диектора', 'Admin', '2021-09-19 23:17:08', 'Изменено пользователем Admin:19.09.2021 23:17:08'),
('HEATING', 'Heating', 'Отопление', 0, 1, 'Неверно нарисовано', 'Admin', '2021-09-19 23:27:49', 'Изменено пользователем Admin:19.09.2021 23:27:49'),
('HOT', 'Hot water supply', 'Поставка горячей воды', 1, 1, 'Разрешение главбуха', 'Admin', '2021-09-19 23:15:09', 'Изменено пользователем Admin:19.09.2021 23:15:08'),
('INTERNET', 'Payment for Internet services', 'Оплата интернет-услуг', 0, 1, 'Неверно указано ранее', 'Admin', '2021-09-19 23:18:19', 'Изменено пользователем Admin:19.09.2021 23:18:18'),
('PHONE', 'Payment for telephone services', 'Оплата телефонных услуг', 0, 0, 'Приказ главбуха', 'Admin', '2021-09-19 23:17:33', 'Изменено пользователем Admin:19.09.2021 23:17:33'),
('RENEWAL', 'Overhaul contributions', 'Взносы на капитальный ремонт', 1, 1, NULL, NULL, NULL, NULL);

-- 
-- Dumping data for table user_roles
--
INSERT INTO user_roles VALUES
('1', 1, 'Director of company', 'Директор'),
('2', 2, 'Executive', 'Руководитель'),
('3', 5, 'Administrator', 'Администратор'),
('4', 10, 'Chief accountant', 'Главный бухгалтер'),
('5', 15, 'Accountant', 'Бухгалтер'),
('6', 99, 'Staff', 'Персонал');

-- 
-- Dumping data for table users
--
INSERT INTO users VALUES
(1, 'Начальненко Станислав Игоревич', 'BOSS', '121212', '1', 1, '2021-09-20', NULL, 1),
(2, 'Башлялкин Сергей', 'BOSS0', 'boss', '1', 1, '2021-08-28', NULL, 1),
(6, 'Расчётина Татьяна Игоревна', 'GLAVBUCH', 'glavbuch1', '5', 1, '2021-08-28', NULL, 1),
(8, 'Мендельсон Абрам Моисеевич', 'ZNAET2', 'znaert2', '2', 1, '2021-08-28', '2021-08-28', 1),
(10, 'Скворцова Наталья', 'BUCH12', 'buch122', '5', 1, '2021-08-31', NULL, 1),
(14, 'Марков Сергей Валерьевич', 'MARK', 'ssrraa222', '5', 1, '2021-08-28', NULL, 1),
(15, 'Ветренный Игорь', 'VETER2', '111', '6', 1, '2021-08-29', NULL, 1),
(24, 'Малявкин Владимир', 'ADM2', 'aaaa', '5', 1, '2021-08-29', NULL, 1),
(25, 'Серенко Сергей', 'ADM4', 'adm1', '3', 1, '2021-08-29', NULL, 1),
(26, 'Чмаркин Олег', '4MO', '1111', '2', 1, '2001-01-20', NULL, 1),
(27, 'Серяковский Сергей Васильевич', 'BOSS2', '123', '1', 1, '2021-09-18', NULL, 1),
(28, 'Сидоров Василий', 'ASTRA2@GMAIL.COM', '111', '6', 1, '2021-09-18', NULL, 0),
(31, '11111', 'MARK2', '111', '6', 1, '2021-09-20', NULL, 0),
(32, 'Лежебока', 'MARK3', '1111', '2', 1, '2021-09-20', NULL, 0);

-- 
-- Dumping data for table transactions
--
-- Table xbill.transactions does not contain any data (it is empty)

-- 
-- Dumping data for table set_yes_or_no
--
INSERT INTO set_yes_or_no VALUES
(1, 'Yes', 'Да'),
(0, 'No', 'Нет'),
(NULL, 'NULL', 'NULL');

-- 
-- Dumping data for table set_days_of_week
--
INSERT INTO set_days_of_week VALUES
(1, 'Monday', 'Понедельник'),
(2, 'Tuesday', 'Вторник'),
(3, 'Wednesday', 'Среда'),
(4, 'Thursday', 'Четверг'),
(5, 'Friday', 'Пятница'),
(6, 'Saturday', 'Суббота'),
(7, 'Sunday', 'Воскресенье');

-- 
-- Dumping data for table settings
--
INSERT INTO settings VALUES
(1, 'theme', 'dark', 1, NULL, NULL, '2021-09-01 18:14:20', 0),
(2, 'round_money', '1.00', 1, '2021-08-31 19:41:56', NULL, '2021-09-01 18:14:20', 0);

-- 
-- Dumping data for table period_calendar
--
INSERT INTO period_calendar VALUES
(100, '2021-01-01', '2021-01-31', 'MONTHLY', 'CLEANING', 0),
(101, '2021-02-01', '2021-02-28', 'MONTHLY', 'CLEANING', 0),
(102, '2021-03-01', '2021-03-31', 'MONTHLY', 'CLEANING', 0),
(103, '2021-04-01', '2021-04-30', 'MONTHLY', 'CLEANING', 0),
(104, '2021-05-01', '2021-05-31', 'MONTHLY', 'CLEANING', 0),
(105, '2021-06-01', '2021-06-30', 'MONTHLY', 'CLEANING', 0),
(106, '2021-07-01', '2021-07-30', 'MONTHLY', 'CLEANING', 0),
(107, '2021-08-01', '2021-08-31', 'MONTHLY', 'CLEANING', 0),
(108, '2021-09-01', '2021-09-30', 'MONTHLY', 'CLEANING', 1),
(109, '2021-10-01', '2021-10-31', 'MONTHLY', 'CLEANING', 1),
(110, '2021-11-01', '2021-11-30', 'MONTHLY', 'CLEANING', 1),
(111, '2021-12-01', '2021-12-31', 'MONTHLY', 'CLEANING', 1);

-- 
-- Dumping data for table payment_transactions
--
-- Table xbill.payment_transactions does not contain any data (it is empty)

-- 
-- Dumping data for table payment_statuses
--
-- Table xbill.payment_statuses does not contain any data (it is empty)

-- 
-- Dumping data for table payments
--
-- Table xbill.payments does not contain any data (it is empty)

-- 
-- Dumping data for table payers
--
-- Table xbill.payers does not contain any data (it is empty)

-- 
-- Dumping data for table objects
--
-- Table xbill.objects does not contain any data (it is empty)

-- 
-- Dumping data for table message_types
--
-- Table xbill.message_types does not contain any data (it is empty)

-- 
-- Dumping data for table messages
--
-- Table xbill.messages does not contain any data (it is empty)

-- 
-- Dumping data for table calendar
--
INSERT INTO calendar VALUES
(1, '2018-01-01 00:00:00', 1, 0, 0, 1, 2018, 1, 1, 'Официальный праздничный день 1.1.2018', 'Официальный праздничный день 1.1.2018', 1, 1, NULL),
(2, '2018-01-02 00:00:00', 2, 1, 1, 1, 2018, 1, 2, '', '', 1, 2, NULL),
(3, '2018-01-03 00:00:00', 3, 1, 1, 1, 2018, 1, 3, '', '', 1, 3, NULL),
(4, '2018-01-04 00:00:00', 4, 1, 1, 1, 2018, 1, 4, '', '', 1, 4, NULL),
(5, '2018-01-05 00:00:00', 5, 1, 1, 1, 2018, 1, 5, '', '', 1, 5, NULL),
(6, '2018-01-06 00:00:00', 6, 0, 0, 1, 2018, 1, 6, '', '', 1, 6, NULL),
(7, '2018-01-07 00:00:00', 7, 0, 0, 1, 2018, 1, 7, 'Официальный праздничный день 7.1.2018 воскресенье', 'Официальный праздничный день 7.1.2018 воскресенье', 1, 7, NULL),
(8, '2018-01-08 00:00:00', 8, 0, 0, 1, 2018, 1, 1, 'Понедельник за праздничным днём 7.1.2018 воскресенье', 'Понедельник за праздничным днём 7.1.2018 воскресенье', 2, 8, NULL),
(9, '2018-01-09 00:00:00', 9, 1, 1, 1, 2018, 1, 2, '', '', 2, 9, NULL),
(10, '2018-01-10 00:00:00', 10, 1, 1, 1, 2018, 1, 3, '', '', 2, 10, NULL),
(11, '2018-01-11 00:00:00', 11, 1, 1, 1, 2018, 1, 4, '', '', 2, 11, NULL),
(12, '2018-01-12 00:00:00', 12, 1, 1, 1, 2018, 1, 5, '', '', 2, 12, NULL),
(13, '2018-01-13 00:00:00', 13, 0, 0, 1, 2018, 1, 6, '', '', 2, 13, NULL),
(14, '2018-01-14 00:00:00', 14, 0, 0, 1, 2018, 1, 7, '', '', 2, 14, NULL),
(15, '2018-01-15 00:00:00', 15, 1, 1, 1, 2018, 1, 1, '', '', 3, 15, NULL),
(16, '2018-01-16 00:00:00', 16, 1, 1, 1, 2018, 1, 2, '', '', 3, 16, NULL),
(17, '2018-01-17 00:00:00', 17, 1, 1, 1, 2018, 1, 3, '', '', 3, 17, NULL),
(18, '2018-01-18 00:00:00', 18, 1, 1, 1, 2018, 1, 4, '', '', 3, 18, NULL),
(19, '2018-01-19 00:00:00', 19, 1, 1, 1, 2018, 1, 5, '', '', 3, 19, NULL),
(20, '2018-01-20 00:00:00', 20, 0, 0, 1, 2018, 1, 6, '', '', 3, 20, NULL),
(21, '2018-01-21 00:00:00', 21, 0, 0, 1, 2018, 1, 7, '', '', 3, 21, NULL),
(22, '2018-01-22 00:00:00', 22, 1, 1, 1, 2018, 1, 1, '', '', 4, 22, NULL),
(23, '2018-01-23 00:00:00', 23, 1, 1, 1, 2018, 1, 2, '', '', 4, 23, NULL),
(24, '2018-01-24 00:00:00', 24, 1, 1, 1, 2018, 1, 3, '', '', 4, 24, NULL),
(25, '2018-01-25 00:00:00', 25, 1, 1, 1, 2018, 1, 4, '', '', 4, 25, NULL),
(26, '2018-01-26 00:00:00', 26, 1, 1, 1, 2018, 1, 5, '', '', 4, 26, NULL),
(27, '2018-01-27 00:00:00', 27, 0, 0, 1, 2018, 1, 6, '', '', 4, 27, NULL),
(28, '2018-01-28 00:00:00', 28, 0, 0, 1, 2018, 1, 7, '', '', 4, 28, NULL),
(29, '2018-01-29 00:00:00', 29, 1, 1, 1, 2018, 1, 1, '', '', 5, 29, NULL),
(30, '2018-01-30 00:00:00', 30, 1, 1, 1, 2018, 1, 2, '', '', 5, 30, NULL),
(31, '2018-01-31 00:00:00', 31, 1, 1, 1, 2018, 1, 3, '', '', 5, 31, NULL),
(32, '2018-02-01 00:00:00', 1, 1, 1, 2, 2018, 1, 4, '', '', 5, 32, NULL),
(33, '2018-02-02 00:00:00', 2, 1, 1, 2, 2018, 1, 5, '', '', 5, 33, NULL),
(34, '2018-02-03 00:00:00', 3, 0, 0, 2, 2018, 1, 6, '', '', 5, 34, NULL),
(35, '2018-02-04 00:00:00', 4, 0, 0, 2, 2018, 1, 7, '', '', 5, 35, NULL),
(36, '2018-02-05 00:00:00', 5, 1, 1, 2, 2018, 1, 1, '', '', 6, 36, NULL),
(37, '2018-02-06 00:00:00', 6, 1, 1, 2, 2018, 1, 2, '', '', 6, 37, NULL),
(38, '2018-02-07 00:00:00', 7, 1, 1, 2, 2018, 1, 3, '', '', 6, 38, NULL),
(39, '2018-02-08 00:00:00', 8, 1, 1, 2, 2018, 1, 4, '', '', 6, 39, NULL),
(40, '2018-02-09 00:00:00', 9, 1, 1, 2, 2018, 1, 5, '', '', 6, 40, NULL),
(41, '2018-02-10 00:00:00', 10, 0, 0, 2, 2018, 1, 6, '', '', 6, 41, NULL),
(42, '2018-02-11 00:00:00', 11, 0, 0, 2, 2018, 1, 7, '', '', 6, 42, NULL),
(43, '2018-02-12 00:00:00', 12, 1, 1, 2, 2018, 1, 1, '', '', 7, 43, NULL),
(44, '2018-02-13 00:00:00', 13, 1, 1, 2, 2018, 1, 2, '', '', 7, 44, NULL),
(45, '2018-02-14 00:00:00', 14, 1, 1, 2, 2018, 1, 3, '', '', 7, 45, NULL),
(46, '2018-02-15 00:00:00', 15, 1, 1, 2, 2018, 1, 4, '', '', 7, 46, NULL),
(47, '2018-02-16 00:00:00', 16, 1, 1, 2, 2018, 1, 5, '', '', 7, 47, NULL),
(48, '2018-02-17 00:00:00', 17, 0, 0, 2, 2018, 1, 6, '', '', 7, 48, NULL),
(49, '2018-02-18 00:00:00', 18, 0, 0, 2, 2018, 1, 7, '', '', 7, 49, NULL),
(50, '2018-02-19 00:00:00', 19, 1, 1, 2, 2018, 1, 1, '', '', 8, 50, NULL),
(51, '2018-02-20 00:00:00', 20, 1, 1, 2, 2018, 1, 2, '', '', 8, 51, NULL),
(52, '2018-02-21 00:00:00', 21, 1, 1, 2, 2018, 1, 3, '', '', 8, 52, NULL),
(53, '2018-02-22 00:00:00', 22, 1, 1, 2, 2018, 1, 4, '', '', 8, 53, NULL),
(54, '2018-02-23 00:00:00', 23, 1, 1, 2, 2018, 1, 5, '', '', 8, 54, NULL),
(55, '2018-02-24 00:00:00', 24, 0, 0, 2, 2018, 1, 6, '', '', 8, 55, NULL),
(56, '2018-02-25 00:00:00', 25, 0, 0, 2, 2018, 1, 7, '', '', 8, 56, NULL),
(57, '2018-02-26 00:00:00', 26, 1, 1, 2, 2018, 1, 1, '', '', 9, 57, NULL),
(58, '2018-02-27 00:00:00', 27, 1, 1, 2, 2018, 1, 2, '', '', 9, 58, NULL),
(59, '2018-02-28 00:00:00', 28, 1, 1, 2, 2018, 1, 3, '', '', 9, 59, NULL),
(60, '2018-03-01 00:00:00', 1, 1, 1, 3, 2018, 1, 4, '', '', 9, 60, NULL),
(61, '2018-03-02 00:00:00', 2, 1, 1, 3, 2018, 1, 5, '', '', 9, 61, NULL),
(62, '2018-03-03 00:00:00', 3, 0, 0, 3, 2018, 1, 6, '', '', 9, 62, NULL),
(63, '2018-03-04 00:00:00', 4, 0, 0, 3, 2018, 1, 7, '', '', 9, 63, NULL),
(64, '2018-03-05 00:00:00', 5, 1, 1, 3, 2018, 1, 1, '', '', 10, 64, NULL),
(65, '2018-03-06 00:00:00', 6, 1, 1, 3, 2018, 1, 2, '', '', 10, 65, NULL),
(66, '2018-03-07 00:00:00', 7, 1, 1, 3, 2018, 1, 3, '', '', 10, 66, NULL),
(67, '2018-03-08 00:00:00', 8, 0, 0, 3, 2018, 1, 4, 'Официальный праздничный день 8.3.2018', 'Официальный праздничный день 8.3.2018', 10, 67, NULL),
(68, '2018-03-09 00:00:00', 9, 1, 1, 3, 2018, 1, 5, '', '', 10, 68, NULL),
(69, '2018-03-10 00:00:00', 10, 0, 0, 3, 2018, 1, 6, '', '', 10, 69, NULL),
(70, '2018-03-11 00:00:00', 11, 0, 0, 3, 2018, 1, 7, '', '', 10, 70, NULL),
(71, '2018-03-12 00:00:00', 12, 1, 1, 3, 2018, 1, 1, '', '', 11, 71, NULL),
(72, '2018-03-13 00:00:00', 13, 1, 1, 3, 2018, 1, 2, '', '', 11, 72, NULL),
(73, '2018-03-14 00:00:00', 14, 1, 1, 3, 2018, 1, 3, '', '', 11, 73, NULL),
(74, '2018-03-15 00:00:00', 15, 1, 1, 3, 2018, 1, 4, '', '', 11, 74, NULL),
(75, '2018-03-16 00:00:00', 16, 1, 1, 3, 2018, 1, 5, '', '', 11, 75, NULL),
(76, '2018-03-17 00:00:00', 17, 0, 0, 3, 2018, 1, 6, '', '', 11, 76, NULL),
(77, '2018-03-18 00:00:00', 18, 0, 0, 3, 2018, 1, 7, '', '', 11, 77, NULL),
(78, '2018-03-19 00:00:00', 19, 1, 1, 3, 2018, 1, 1, '', '', 12, 78, NULL),
(79, '2018-03-20 00:00:00', 20, 1, 1, 3, 2018, 1, 2, '', '', 12, 79, NULL),
(80, '2018-03-21 00:00:00', 21, 1, 1, 3, 2018, 1, 3, '', '', 12, 80, NULL),
(81, '2018-03-22 00:00:00', 22, 1, 1, 3, 2018, 1, 4, '', '', 12, 81, NULL),
(82, '2018-03-23 00:00:00', 23, 1, 1, 3, 2018, 1, 5, '', '', 12, 82, NULL),
(83, '2018-03-24 00:00:00', 24, 0, 0, 3, 2018, 1, 6, '', '', 12, 83, NULL),
(84, '2018-03-25 00:00:00', 25, 0, 0, 3, 2018, 1, 7, '', '', 12, 84, NULL),
(85, '2018-03-26 00:00:00', 26, 1, 1, 3, 2018, 1, 1, '', '', 13, 85, NULL),
(86, '2018-03-27 00:00:00', 27, 1, 1, 3, 2018, 1, 2, '', '', 13, 86, NULL),
(87, '2018-03-28 00:00:00', 28, 1, 1, 3, 2018, 1, 3, '', '', 13, 87, NULL),
(88, '2018-03-29 00:00:00', 29, 1, 1, 3, 2018, 1, 4, '', '', 13, 88, NULL),
(89, '2018-03-30 00:00:00', 30, 1, 1, 3, 2018, 1, 5, '', '', 13, 89, NULL),
(90, '2018-03-31 00:00:00', 31, 0, 0, 3, 2018, 1, 6, '', '', 13, 90, NULL),
(91, '2018-04-01 00:00:00', 1, 0, 0, 4, 2018, 2, 7, '', '', 13, 91, NULL),
(92, '2018-04-02 00:00:00', 2, 1, 1, 4, 2018, 2, 1, '', '', 14, 92, NULL),
(93, '2018-04-03 00:00:00', 3, 1, 1, 4, 2018, 2, 2, '', '', 14, 93, NULL),
(94, '2018-04-04 00:00:00', 4, 1, 1, 4, 2018, 2, 3, '', '', 14, 94, NULL),
(95, '2018-04-05 00:00:00', 5, 1, 1, 4, 2018, 2, 4, '', '', 14, 95, NULL),
(96, '2018-04-06 00:00:00', 6, 1, 1, 4, 2018, 2, 5, '', '', 14, 96, NULL),
(97, '2018-04-07 00:00:00', 7, 0, 0, 4, 2018, 2, 6, '', '', 14, 97, NULL),
(98, '2018-04-08 00:00:00', 8, 0, 0, 4, 2018, 2, 7, '', '', 14, 98, NULL),
(99, '2018-04-09 00:00:00', 9, 1, 1, 4, 2018, 2, 1, '', '', 15, 99, NULL),
(100, '2018-04-10 00:00:00', 10, 1, 1, 4, 2018, 2, 2, '', '', 15, 100, NULL),
(101, '2018-04-11 00:00:00', 11, 1, 1, 4, 2018, 2, 3, '', '', 15, 101, NULL),
(102, '2018-04-12 00:00:00', 12, 1, 1, 4, 2018, 2, 4, '', '', 15, 102, NULL),
(103, '2018-04-13 00:00:00', 13, 1, 1, 4, 2018, 2, 5, '', '', 15, 103, NULL),
(104, '2018-04-14 00:00:00', 14, 0, 0, 4, 2018, 2, 6, '', '', 15, 104, NULL),
(105, '2018-04-15 00:00:00', 15, 0, 0, 4, 2018, 2, 7, '', '', 15, 105, NULL),
(106, '2018-04-16 00:00:00', 16, 1, 1, 4, 2018, 2, 1, '', '', 16, 106, NULL),
(107, '2018-04-17 00:00:00', 17, 1, 1, 4, 2018, 2, 2, '', '', 16, 107, NULL),
(108, '2018-04-18 00:00:00', 18, 1, 1, 4, 2018, 2, 3, '', '', 16, 108, NULL),
(109, '2018-04-19 00:00:00', 19, 1, 1, 4, 2018, 2, 4, '', '', 16, 109, NULL),
(110, '2018-04-20 00:00:00', 20, 1, 1, 4, 2018, 2, 5, '', '', 16, 110, NULL),
(111, '2018-04-21 00:00:00', 21, 0, 0, 4, 2018, 2, 6, '', '', 16, 111, NULL),
(112, '2018-04-22 00:00:00', 22, 0, 0, 4, 2018, 2, 7, '', '', 16, 112, NULL),
(113, '2018-04-23 00:00:00', 23, 1, 1, 4, 2018, 2, 1, '', '', 17, 113, NULL),
(114, '2018-04-24 00:00:00', 24, 1, 1, 4, 2018, 2, 2, '', '', 17, 114, NULL),
(115, '2018-04-25 00:00:00', 25, 1, 1, 4, 2018, 2, 3, '', '', 17, 115, NULL),
(116, '2018-04-26 00:00:00', 26, 1, 1, 4, 2018, 2, 4, '', '', 17, 116, NULL),
(117, '2018-04-27 00:00:00', 27, 1, 1, 4, 2018, 2, 5, '', '', 17, 117, NULL),
(118, '2018-04-28 00:00:00', 28, 0, 0, 4, 2018, 2, 6, '', '', 17, 118, NULL),
(119, '2018-04-29 00:00:00', 29, 0, 0, 4, 2018, 2, 7, '', '', 17, 119, NULL),
(120, '2018-04-30 00:00:00', 30, 1, 1, 4, 2018, 2, 1, '', '', 18, 120, NULL),
(121, '2018-05-01 00:00:00', 1, 0, 0, 5, 2018, 2, 2, 'Официальный праздничный день 1.5.2018', 'Официальный праздничный день 1.5.2018', 18, 121, NULL),
(122, '2018-05-02 00:00:00', 2, 1, 1, 5, 2018, 2, 3, '', '', 18, 122, NULL),
(123, '2018-05-03 00:00:00', 3, 1, 1, 5, 2018, 2, 4, '', '', 18, 123, NULL),
(124, '2018-05-04 00:00:00', 4, 1, 1, 5, 2018, 2, 5, '', '', 18, 124, NULL),
(125, '2018-05-05 00:00:00', 5, 0, 0, 5, 2018, 2, 6, '', '', 18, 125, NULL),
(126, '2018-05-06 00:00:00', 6, 0, 0, 5, 2018, 2, 7, '', '', 18, 126, NULL),
(127, '2018-05-07 00:00:00', 7, 1, 1, 5, 2018, 2, 1, '', '', 19, 127, NULL),
(128, '2018-05-08 00:00:00', 8, 1, 1, 5, 2018, 2, 2, '', '', 19, 128, NULL),
(129, '2018-05-09 00:00:00', 9, 0, 0, 5, 2018, 2, 3, 'Официальный праздничный день 9.5.2018', 'Официальный праздничный день 9.5.2018', 19, 129, NULL),
(130, '2018-05-10 00:00:00', 10, 1, 1, 5, 2018, 2, 4, '', '', 19, 130, NULL),
(131, '2018-05-11 00:00:00', 11, 1, 1, 5, 2018, 2, 5, '', '', 19, 131, NULL),
(132, '2018-05-12 00:00:00', 12, 0, 0, 5, 2018, 2, 6, '', '', 19, 132, NULL),
(133, '2018-05-13 00:00:00', 13, 0, 0, 5, 2018, 2, 7, '', '', 19, 133, NULL),
(134, '2018-05-14 00:00:00', 14, 1, 1, 5, 2018, 2, 1, '', '', 20, 134, NULL),
(135, '2018-05-15 00:00:00', 15, 1, 1, 5, 2018, 2, 2, '', '', 20, 135, NULL),
(136, '2018-05-16 00:00:00', 16, 1, 1, 5, 2018, 2, 3, '', '', 20, 136, NULL),
(137, '2018-05-17 00:00:00', 17, 1, 1, 5, 2018, 2, 4, '', '', 20, 137, NULL),
(138, '2018-05-18 00:00:00', 18, 1, 1, 5, 2018, 2, 5, '', '', 20, 138, NULL),
(139, '2018-05-19 00:00:00', 19, 0, 0, 5, 2018, 2, 6, '', '', 20, 139, NULL),
(140, '2018-05-20 00:00:00', 20, 0, 0, 5, 2018, 2, 7, '', '', 20, 140, NULL),
(141, '2018-05-21 00:00:00', 21, 1, 1, 5, 2018, 2, 1, '', '', 21, 141, NULL),
(142, '2018-05-22 00:00:00', 22, 1, 1, 5, 2018, 2, 2, '', '', 21, 142, NULL),
(143, '2018-05-23 00:00:00', 23, 1, 1, 5, 2018, 2, 3, '', '', 21, 143, NULL),
(144, '2018-05-24 00:00:00', 24, 1, 1, 5, 2018, 2, 4, '', '', 21, 144, NULL),
(145, '2018-05-25 00:00:00', 25, 1, 1, 5, 2018, 2, 5, '', '', 21, 145, NULL),
(146, '2018-05-26 00:00:00', 26, 0, 0, 5, 2018, 2, 6, '', '', 21, 146, NULL),
(147, '2018-05-27 00:00:00', 27, 0, 0, 5, 2018, 2, 7, '', '', 21, 147, NULL),
(148, '2018-05-28 00:00:00', 28, 1, 1, 5, 2018, 2, 1, '', '', 22, 148, NULL),
(149, '2018-05-29 00:00:00', 29, 1, 1, 5, 2018, 2, 2, '', '', 22, 149, NULL),
(150, '2018-05-30 00:00:00', 30, 1, 1, 5, 2018, 2, 3, '', '', 22, 150, NULL),
(151, '2018-05-31 00:00:00', 31, 1, 1, 5, 2018, 2, 4, '', '', 22, 151, NULL),
(152, '2018-06-01 00:00:00', 1, 1, 1, 6, 2018, 2, 5, '', '', 22, 152, NULL),
(153, '2018-06-02 00:00:00', 2, 0, 0, 6, 2018, 2, 6, '', '', 22, 153, NULL),
(154, '2018-06-03 00:00:00', 3, 0, 0, 6, 2018, 2, 7, '', '', 22, 154, NULL),
(155, '2018-06-04 00:00:00', 4, 1, 1, 6, 2018, 2, 1, '', '', 23, 155, NULL),
(156, '2018-06-05 00:00:00', 5, 1, 1, 6, 2018, 2, 2, '', '', 23, 156, NULL),
(157, '2018-06-06 00:00:00', 6, 1, 1, 6, 2018, 2, 3, '', '', 23, 157, NULL),
(158, '2018-06-07 00:00:00', 7, 1, 1, 6, 2018, 2, 4, '', '', 23, 158, NULL),
(159, '2018-06-08 00:00:00', 8, 1, 1, 6, 2018, 2, 5, '', '', 23, 159, NULL),
(160, '2018-06-09 00:00:00', 9, 0, 0, 6, 2018, 2, 6, '', '', 23, 160, NULL),
(161, '2018-06-10 00:00:00', 10, 0, 0, 6, 2018, 2, 7, '', '', 23, 161, NULL),
(162, '2018-06-11 00:00:00', 11, 1, 1, 6, 2018, 2, 1, '', '', 24, 162, NULL),
(163, '2018-06-12 00:00:00', 12, 1, 1, 6, 2018, 2, 2, '', '', 24, 163, NULL),
(164, '2018-06-13 00:00:00', 13, 1, 1, 6, 2018, 2, 3, '', '', 24, 164, NULL),
(165, '2018-06-14 00:00:00', 14, 1, 1, 6, 2018, 2, 4, '', '', 24, 165, NULL),
(166, '2018-06-15 00:00:00', 15, 1, 1, 6, 2018, 2, 5, '', '', 24, 166, NULL),
(167, '2018-06-16 00:00:00', 16, 0, 0, 6, 2018, 2, 6, '', '', 24, 167, NULL),
(168, '2018-06-17 00:00:00', 17, 0, 0, 6, 2018, 2, 7, '', '', 24, 168, NULL),
(169, '2018-06-18 00:00:00', 18, 1, 1, 6, 2018, 2, 1, '', '', 25, 169, NULL),
(170, '2018-06-19 00:00:00', 19, 1, 1, 6, 2018, 2, 2, '', '', 25, 170, NULL),
(171, '2018-06-20 00:00:00', 20, 1, 1, 6, 2018, 2, 3, '', '', 25, 171, NULL),
(172, '2018-06-21 00:00:00', 21, 1, 1, 6, 2018, 2, 4, '', '', 25, 172, NULL),
(173, '2018-06-22 00:00:00', 22, 1, 1, 6, 2018, 2, 5, '', '', 25, 173, NULL),
(174, '2018-06-23 00:00:00', 23, 0, 0, 6, 2018, 2, 6, '', '', 25, 174, NULL),
(175, '2018-06-24 00:00:00', 24, 0, 0, 6, 2018, 2, 7, '', '', 25, 175, NULL),
(176, '2018-06-25 00:00:00', 25, 1, 1, 6, 2018, 2, 1, '', '', 26, 176, NULL),
(177, '2018-06-26 00:00:00', 26, 1, 1, 6, 2018, 2, 2, '', '', 26, 177, NULL),
(178, '2018-06-27 00:00:00', 27, 1, 1, 6, 2018, 2, 3, '', '', 26, 178, NULL),
(179, '2018-06-28 00:00:00', 28, 1, 1, 6, 2018, 2, 4, '', '', 26, 179, NULL),
(180, '2018-06-29 00:00:00', 29, 1, 1, 6, 2018, 2, 5, '', '', 26, 180, NULL),
(181, '2018-06-30 00:00:00', 30, 0, 0, 6, 2018, 2, 6, '', '', 26, 181, NULL),
(182, '2018-07-01 00:00:00', 1, 0, 0, 7, 2018, 3, 7, '', '', 26, 182, NULL),
(183, '2018-07-02 00:00:00', 2, 1, 1, 7, 2018, 3, 1, '', '', 27, 183, NULL),
(184, '2018-07-03 00:00:00', 3, 1, 1, 7, 2018, 3, 2, '', '', 27, 184, NULL),
(185, '2018-07-04 00:00:00', 4, 1, 1, 7, 2018, 3, 3, '', '', 27, 185, NULL),
(186, '2018-07-05 00:00:00', 5, 1, 1, 7, 2018, 3, 4, '', '', 27, 186, NULL),
(187, '2018-07-06 00:00:00', 6, 1, 1, 7, 2018, 3, 5, '', '', 27, 187, NULL),
(188, '2018-07-07 00:00:00', 7, 0, 0, 7, 2018, 3, 6, '', '', 27, 188, NULL),
(189, '2018-07-08 00:00:00', 8, 0, 0, 7, 2018, 3, 7, '', '', 27, 189, NULL),
(190, '2018-07-09 00:00:00', 9, 1, 1, 7, 2018, 3, 1, '', '', 28, 190, NULL),
(191, '2018-07-10 00:00:00', 10, 1, 1, 7, 2018, 3, 2, '', '', 28, 191, NULL),
(192, '2018-07-11 00:00:00', 11, 1, 1, 7, 2018, 3, 3, '', '', 28, 192, NULL),
(193, '2018-07-12 00:00:00', 12, 1, 1, 7, 2018, 3, 4, '', '', 28, 193, NULL),
(194, '2018-07-13 00:00:00', 13, 1, 1, 7, 2018, 3, 5, '', '', 28, 194, NULL),
(195, '2018-07-14 00:00:00', 14, 0, 0, 7, 2018, 3, 6, '', '', 28, 195, NULL),
(196, '2018-07-15 00:00:00', 15, 0, 0, 7, 2018, 3, 7, '', '', 28, 196, NULL),
(197, '2018-07-16 00:00:00', 16, 1, 1, 7, 2018, 3, 1, '', '', 29, 197, NULL),
(198, '2018-07-17 00:00:00', 17, 1, 1, 7, 2018, 3, 2, '', '', 29, 198, NULL),
(199, '2018-07-18 00:00:00', 18, 1, 1, 7, 2018, 3, 3, '', '', 29, 199, NULL),
(200, '2018-07-19 00:00:00', 19, 1, 1, 7, 2018, 3, 4, '', '', 29, 200, NULL),
(201, '2018-07-20 00:00:00', 20, 1, 1, 7, 2018, 3, 5, '', '', 29, 201, NULL),
(202, '2018-07-21 00:00:00', 21, 0, 0, 7, 2018, 3, 6, '', '', 29, 202, NULL),
(203, '2018-07-22 00:00:00', 22, 0, 0, 7, 2018, 3, 7, '', '', 29, 203, NULL),
(204, '2018-07-23 00:00:00', 23, 1, 1, 7, 2018, 3, 1, '', '', 30, 204, NULL),
(205, '2018-07-24 00:00:00', 24, 1, 1, 7, 2018, 3, 2, '', '', 30, 205, NULL),
(206, '2018-07-25 00:00:00', 25, 1, 1, 7, 2018, 3, 3, '', '', 30, 206, NULL),
(207, '2018-07-26 00:00:00', 26, 1, 1, 7, 2018, 3, 4, '', '', 30, 207, NULL),
(208, '2018-07-27 00:00:00', 27, 1, 1, 7, 2018, 3, 5, '', '', 30, 208, NULL),
(209, '2018-07-28 00:00:00', 28, 0, 0, 7, 2018, 3, 6, '', '', 30, 209, NULL),
(210, '2018-07-29 00:00:00', 29, 0, 0, 7, 2018, 3, 7, '', '', 30, 210, NULL),
(211, '2018-07-30 00:00:00', 30, 1, 1, 7, 2018, 3, 1, '', '', 31, 211, NULL),
(212, '2018-07-31 00:00:00', 31, 1, 1, 7, 2018, 3, 2, '', '', 31, 212, NULL),
(213, '2018-08-01 00:00:00', 1, 1, 1, 8, 2018, 3, 3, '', '', 31, 213, NULL),
(214, '2018-08-02 00:00:00', 2, 1, 1, 8, 2018, 3, 4, '', '', 31, 214, NULL),
(215, '2018-08-03 00:00:00', 3, 1, 1, 8, 2018, 3, 5, '', '', 31, 215, NULL),
(216, '2018-08-04 00:00:00', 4, 0, 0, 8, 2018, 3, 6, '', '', 31, 216, NULL),
(217, '2018-08-05 00:00:00', 5, 0, 0, 8, 2018, 3, 7, '', '', 31, 217, NULL),
(218, '2018-08-06 00:00:00', 6, 1, 1, 8, 2018, 3, 1, '', '', 32, 218, NULL),
(219, '2018-08-07 00:00:00', 7, 1, 1, 8, 2018, 3, 2, '', '', 32, 219, NULL),
(220, '2018-08-08 00:00:00', 8, 1, 1, 8, 2018, 3, 3, '', '', 32, 220, NULL),
(221, '2018-08-09 00:00:00', 9, 1, 1, 8, 2018, 3, 4, '', '', 32, 221, NULL),
(222, '2018-08-10 00:00:00', 10, 1, 1, 8, 2018, 3, 5, '', '', 32, 222, NULL),
(223, '2018-08-11 00:00:00', 11, 0, 0, 8, 2018, 3, 6, '', '', 32, 223, NULL),
(224, '2018-08-12 00:00:00', 12, 0, 0, 8, 2018, 3, 7, '', '', 32, 224, NULL),
(225, '2018-08-13 00:00:00', 13, 1, 1, 8, 2018, 3, 1, '', '', 33, 225, NULL),
(226, '2018-08-14 00:00:00', 14, 1, 1, 8, 2018, 3, 2, '', '', 33, 226, NULL),
(227, '2018-08-15 00:00:00', 15, 1, 1, 8, 2018, 3, 3, '', '', 33, 227, NULL),
(228, '2018-08-16 00:00:00', 16, 1, 1, 8, 2018, 3, 4, '', '', 33, 228, NULL),
(229, '2018-08-17 00:00:00', 17, 1, 1, 8, 2018, 3, 5, '', '', 33, 229, NULL),
(230, '2018-08-18 00:00:00', 18, 0, 0, 8, 2018, 3, 6, '', '', 33, 230, NULL),
(231, '2018-08-19 00:00:00', 19, 0, 0, 8, 2018, 3, 7, '', '', 33, 231, NULL),
(232, '2018-08-20 00:00:00', 20, 1, 1, 8, 2018, 3, 1, '', '', 34, 232, NULL),
(233, '2018-08-21 00:00:00', 21, 1, 1, 8, 2018, 3, 2, '', '', 34, 233, NULL),
(234, '2018-08-22 00:00:00', 22, 1, 1, 8, 2018, 3, 3, '', '', 34, 234, NULL),
(235, '2018-08-23 00:00:00', 23, 1, 1, 8, 2018, 3, 4, '', '', 34, 235, NULL),
(236, '2018-08-24 00:00:00', 24, 1, 1, 8, 2018, 3, 5, '', '', 34, 236, NULL),
(237, '2018-08-25 00:00:00', 25, 0, 0, 8, 2018, 3, 6, '', '', 34, 237, NULL),
(238, '2018-08-26 00:00:00', 26, 0, 0, 8, 2018, 3, 7, '', '', 34, 238, NULL),
(239, '2018-08-27 00:00:00', 27, 1, 1, 8, 2018, 3, 1, '', '', 35, 239, NULL),
(240, '2018-08-28 00:00:00', 28, 1, 1, 8, 2018, 3, 2, '', '', 35, 240, NULL),
(241, '2018-08-29 00:00:00', 29, 1, 1, 8, 2018, 3, 3, '', '', 35, 241, NULL),
(242, '2018-08-30 00:00:00', 30, 1, 1, 8, 2018, 3, 4, '', '', 35, 242, NULL),
(243, '2018-08-31 00:00:00', 31, 1, 1, 8, 2018, 3, 5, '', '', 35, 243, NULL),
(244, '2018-09-01 00:00:00', 1, 0, 0, 9, 2018, 3, 6, '', '', 35, 244, NULL),
(245, '2018-09-02 00:00:00', 2, 0, 0, 9, 2018, 3, 7, '', '', 35, 245, NULL),
(246, '2018-09-03 00:00:00', 3, 1, 1, 9, 2018, 3, 1, '', '', 36, 246, NULL),
(247, '2018-09-04 00:00:00', 4, 1, 1, 9, 2018, 3, 2, '', '', 36, 247, NULL),
(248, '2018-09-05 00:00:00', 5, 1, 1, 9, 2018, 3, 3, '', '', 36, 248, NULL),
(249, '2018-09-06 00:00:00', 6, 1, 1, 9, 2018, 3, 4, '', '', 36, 249, NULL),
(250, '2018-09-07 00:00:00', 7, 1, 1, 9, 2018, 3, 5, '', '', 36, 250, NULL),
(251, '2018-09-08 00:00:00', 8, 0, 0, 9, 2018, 3, 6, '', '', 36, 251, NULL),
(252, '2018-09-09 00:00:00', 9, 0, 0, 9, 2018, 3, 7, '', '', 36, 252, NULL),
(253, '2018-09-10 00:00:00', 10, 1, 1, 9, 2018, 3, 1, '', '', 37, 253, NULL),
(254, '2018-09-11 00:00:00', 11, 1, 1, 9, 2018, 3, 2, '', '', 37, 254, NULL),
(255, '2018-09-12 00:00:00', 12, 1, 1, 9, 2018, 3, 3, '', '', 37, 255, NULL),
(256, '2018-09-13 00:00:00', 13, 1, 1, 9, 2018, 3, 4, '', '', 37, 256, NULL),
(257, '2018-09-14 00:00:00', 14, 1, 1, 9, 2018, 3, 5, '', '', 37, 257, NULL),
(258, '2018-09-15 00:00:00', 15, 0, 0, 9, 2018, 3, 6, '', '', 37, 258, NULL),
(259, '2018-09-16 00:00:00', 16, 0, 0, 9, 2018, 3, 7, '', '', 37, 259, NULL),
(260, '2018-09-17 00:00:00', 17, 1, 1, 9, 2018, 3, 1, '', '', 38, 260, NULL),
(261, '2018-09-18 00:00:00', 18, 1, 1, 9, 2018, 3, 2, '', '', 38, 261, NULL),
(262, '2018-09-19 00:00:00', 19, 1, 1, 9, 2018, 3, 3, '', '', 38, 262, NULL),
(263, '2018-09-20 00:00:00', 20, 1, 1, 9, 2018, 3, 4, '', '', 38, 263, NULL),
(264, '2018-09-21 00:00:00', 21, 1, 1, 9, 2018, 3, 5, '', '', 38, 264, NULL),
(265, '2018-09-22 00:00:00', 22, 0, 0, 9, 2018, 3, 6, '', '', 38, 265, NULL),
(266, '2018-09-23 00:00:00', 23, 0, 0, 9, 2018, 3, 7, '', '', 38, 266, NULL),
(267, '2018-09-24 00:00:00', 24, 1, 1, 9, 2018, 3, 1, '', '', 39, 267, NULL),
(268, '2018-09-25 00:00:00', 25, 1, 1, 9, 2018, 3, 2, '', '', 39, 268, NULL),
(269, '2018-09-26 00:00:00', 26, 1, 1, 9, 2018, 3, 3, '', '', 39, 269, NULL),
(270, '2018-09-27 00:00:00', 27, 1, 1, 9, 2018, 3, 4, '', '', 39, 270, NULL),
(271, '2018-09-28 00:00:00', 28, 1, 1, 9, 2018, 3, 5, '', '', 39, 271, NULL),
(272, '2018-09-29 00:00:00', 29, 0, 0, 9, 2018, 3, 6, '', '', 39, 272, NULL),
(273, '2018-09-30 00:00:00', 30, 0, 0, 9, 2018, 3, 7, '', '', 39, 273, NULL),
(274, '2018-10-01 00:00:00', 1, 1, 1, 10, 2018, 4, 1, '', '', 40, 274, NULL),
(275, '2018-10-02 00:00:00', 2, 1, 1, 10, 2018, 4, 2, '', '', 40, 275, NULL),
(276, '2018-10-03 00:00:00', 3, 1, 1, 10, 2018, 4, 3, '', '', 40, 276, NULL),
(277, '2018-10-04 00:00:00', 4, 1, 1, 10, 2018, 4, 4, '', '', 40, 277, NULL),
(278, '2018-10-05 00:00:00', 5, 1, 1, 10, 2018, 4, 5, '', '', 40, 278, NULL),
(279, '2018-10-06 00:00:00', 6, 0, 0, 10, 2018, 4, 6, '', '', 40, 279, NULL),
(280, '2018-10-07 00:00:00', 7, 0, 0, 10, 2018, 4, 7, '', '', 40, 280, NULL),
(281, '2018-10-08 00:00:00', 8, 1, 1, 10, 2018, 4, 1, '', '', 41, 281, NULL),
(282, '2018-10-09 00:00:00', 9, 1, 1, 10, 2018, 4, 2, '', '', 41, 282, NULL),
(283, '2018-10-10 00:00:00', 10, 1, 1, 10, 2018, 4, 3, '', '', 41, 283, NULL),
(284, '2018-10-11 00:00:00', 11, 1, 1, 10, 2018, 4, 4, '', '', 41, 284, NULL),
(285, '2018-10-12 00:00:00', 12, 1, 1, 10, 2018, 4, 5, '', '', 41, 285, NULL),
(286, '2018-10-13 00:00:00', 13, 0, 0, 10, 2018, 4, 6, '', '', 41, 286, NULL),
(287, '2018-10-14 00:00:00', 14, 0, 0, 10, 2018, 4, 7, 'Официальный праздничный день 14.10.2018 воскресенье', 'Официальный праздничный день 14.10.2018 воскресенье', 41, 287, NULL),
(288, '2018-10-15 00:00:00', 15, 0, 0, 10, 2018, 4, 1, 'Понедельник за праздничным днём 14.10.2018 воскресенье', 'Понедельник за праздничным днём 14.10.2018 воскресенье', 42, 288, NULL),
(289, '2018-10-16 00:00:00', 16, 1, 1, 10, 2018, 4, 2, '', '', 42, 289, NULL),
(290, '2018-10-17 00:00:00', 17, 1, 1, 10, 2018, 4, 3, '', '', 42, 290, NULL),
(291, '2018-10-18 00:00:00', 18, 1, 1, 10, 2018, 4, 4, '', '', 42, 291, NULL),
(292, '2018-10-19 00:00:00', 19, 1, 1, 10, 2018, 4, 5, '', '', 42, 292, NULL),
(293, '2018-10-20 00:00:00', 20, 0, 0, 10, 2018, 4, 6, '', '', 42, 293, NULL),
(294, '2018-10-21 00:00:00', 21, 0, 0, 10, 2018, 4, 7, '', '', 42, 294, NULL),
(295, '2018-10-22 00:00:00', 22, 1, 1, 10, 2018, 4, 1, '', '', 43, 295, NULL),
(296, '2018-10-23 00:00:00', 23, 1, 1, 10, 2018, 4, 2, '', '', 43, 296, NULL),
(297, '2018-10-24 00:00:00', 24, 1, 1, 10, 2018, 4, 3, '', '', 43, 297, NULL),
(298, '2018-10-25 00:00:00', 25, 1, 1, 10, 2018, 4, 4, '', '', 43, 298, NULL),
(299, '2018-10-26 00:00:00', 26, 1, 1, 10, 2018, 4, 5, '', '', 43, 299, NULL),
(300, '2018-10-27 00:00:00', 27, 0, 0, 10, 2018, 4, 6, '', '', 43, 300, NULL),
(301, '2018-10-28 00:00:00', 28, 0, 0, 10, 2018, 4, 7, '', '', 43, 301, NULL),
(302, '2018-10-29 00:00:00', 29, 1, 1, 10, 2018, 4, 1, '', '', 44, 302, NULL),
(303, '2018-10-30 00:00:00', 30, 1, 1, 10, 2018, 4, 2, '', '', 44, 303, NULL),
(304, '2018-10-31 00:00:00', 31, 1, 1, 10, 2018, 4, 3, '', '', 44, 304, NULL),
(305, '2018-11-01 00:00:00', 1, 1, 1, 11, 2018, 4, 4, '', '', 44, 305, NULL),
(306, '2018-11-02 00:00:00', 2, 1, 1, 11, 2018, 4, 5, '', '', 44, 306, NULL),
(307, '2018-11-03 00:00:00', 3, 0, 0, 11, 2018, 4, 6, '', '', 44, 307, NULL),
(308, '2018-11-04 00:00:00', 4, 0, 0, 11, 2018, 4, 7, '', '', 44, 308, NULL),
(309, '2018-11-05 00:00:00', 5, 1, 1, 11, 2018, 4, 1, '', '', 45, 309, NULL),
(310, '2018-11-06 00:00:00', 6, 1, 1, 11, 2018, 4, 2, '', '', 45, 310, NULL),
(311, '2018-11-07 00:00:00', 7, 1, 1, 11, 2018, 4, 3, '', '', 45, 311, NULL),
(312, '2018-11-08 00:00:00', 8, 1, 1, 11, 2018, 4, 4, '', '', 45, 312, NULL),
(313, '2018-11-09 00:00:00', 9, 1, 1, 11, 2018, 4, 5, '', '', 45, 313, NULL),
(314, '2018-11-10 00:00:00', 10, 0, 0, 11, 2018, 4, 6, '', '', 45, 314, NULL),
(315, '2018-11-11 00:00:00', 11, 0, 0, 11, 2018, 4, 7, '', '', 45, 315, NULL),
(316, '2018-11-12 00:00:00', 12, 1, 1, 11, 2018, 4, 1, '', '', 46, 316, NULL),
(317, '2018-11-13 00:00:00', 13, 1, 1, 11, 2018, 4, 2, '', '', 46, 317, NULL),
(318, '2018-11-14 00:00:00', 14, 1, 1, 11, 2018, 4, 3, '', '', 46, 318, NULL),
(319, '2018-11-15 00:00:00', 15, 1, 1, 11, 2018, 4, 4, '', '', 46, 319, NULL),
(320, '2018-11-16 00:00:00', 16, 1, 1, 11, 2018, 4, 5, '', '', 46, 320, NULL),
(321, '2018-11-17 00:00:00', 17, 0, 0, 11, 2018, 4, 6, '', '', 46, 321, NULL),
(322, '2018-11-18 00:00:00', 18, 0, 0, 11, 2018, 4, 7, '', '', 46, 322, NULL),
(323, '2018-11-19 00:00:00', 19, 1, 1, 11, 2018, 4, 1, '', '', 47, 323, NULL),
(324, '2018-11-20 00:00:00', 20, 1, 1, 11, 2018, 4, 2, '', '', 47, 324, NULL),
(325, '2018-11-21 00:00:00', 21, 1, 1, 11, 2018, 4, 3, '', '', 47, 325, NULL),
(326, '2018-11-22 00:00:00', 22, 1, 1, 11, 2018, 4, 4, '', '', 47, 326, NULL),
(327, '2018-11-23 00:00:00', 23, 1, 1, 11, 2018, 4, 5, '', '', 47, 327, NULL),
(328, '2018-11-24 00:00:00', 24, 0, 0, 11, 2018, 4, 6, '', '', 47, 328, NULL),
(329, '2018-11-25 00:00:00', 25, 0, 0, 11, 2018, 4, 7, '', '', 47, 329, NULL),
(330, '2018-11-26 00:00:00', 26, 1, 1, 11, 2018, 4, 1, '', '', 48, 330, NULL),
(331, '2018-11-27 00:00:00', 27, 1, 1, 11, 2018, 4, 2, '', '', 48, 331, NULL),
(332, '2018-11-28 00:00:00', 28, 1, 1, 11, 2018, 4, 3, '', '', 48, 332, NULL),
(333, '2018-11-29 00:00:00', 29, 1, 1, 11, 2018, 4, 4, '', '', 48, 333, NULL),
(334, '2018-11-30 00:00:00', 30, 1, 1, 11, 2018, 4, 5, '', '', 48, 334, NULL),
(335, '2018-12-01 00:00:00', 1, 0, 0, 12, 2018, 4, 6, '', '', 48, 335, NULL),
(336, '2018-12-02 00:00:00', 2, 0, 0, 12, 2018, 4, 7, '', '', 48, 336, NULL),
(337, '2018-12-03 00:00:00', 3, 1, 1, 12, 2018, 4, 1, '', '', 49, 337, NULL),
(338, '2018-12-04 00:00:00', 4, 1, 1, 12, 2018, 4, 2, '', '', 49, 338, NULL),
(339, '2018-12-05 00:00:00', 5, 1, 1, 12, 2018, 4, 3, '', '', 49, 339, NULL),
(340, '2018-12-06 00:00:00', 6, 1, 1, 12, 2018, 4, 4, '', '', 49, 340, NULL),
(341, '2018-12-07 00:00:00', 7, 1, 1, 12, 2018, 4, 5, '', '', 49, 341, NULL),
(342, '2018-12-08 00:00:00', 8, 0, 0, 12, 2018, 4, 6, '', '', 49, 342, NULL),
(343, '2018-12-09 00:00:00', 9, 0, 0, 12, 2018, 4, 7, '', '', 49, 343, NULL),
(344, '2018-12-10 00:00:00', 10, 1, 1, 12, 2018, 4, 1, '', '', 50, 344, NULL),
(345, '2018-12-11 00:00:00', 11, 1, 1, 12, 2018, 4, 2, '', '', 50, 345, NULL),
(346, '2018-12-12 00:00:00', 12, 1, 1, 12, 2018, 4, 3, '', '', 50, 346, NULL),
(347, '2018-12-13 00:00:00', 13, 1, 1, 12, 2018, 4, 4, '', '', 50, 347, NULL),
(348, '2018-12-14 00:00:00', 14, 1, 1, 12, 2018, 4, 5, '', '', 50, 348, NULL),
(349, '2018-12-15 00:00:00', 15, 0, 0, 12, 2018, 4, 6, '', '', 50, 349, NULL),
(350, '2018-12-16 00:00:00', 16, 0, 0, 12, 2018, 4, 7, '', '', 50, 350, NULL),
(351, '2018-12-17 00:00:00', 17, 1, 1, 12, 2018, 4, 1, '', '', 51, 351, NULL),
(352, '2018-12-18 00:00:00', 18, 1, 1, 12, 2018, 4, 2, '', '', 51, 352, NULL),
(353, '2018-12-19 00:00:00', 19, 1, 1, 12, 2018, 4, 3, '', '', 51, 353, NULL),
(354, '2018-12-20 00:00:00', 20, 1, 1, 12, 2018, 4, 4, '', '', 51, 354, NULL),
(355, '2018-12-21 00:00:00', 21, 1, 1, 12, 2018, 4, 5, '', '', 51, 355, NULL),
(356, '2018-12-22 00:00:00', 22, 0, 0, 12, 2018, 4, 6, '', '', 51, 356, NULL),
(357, '2018-12-23 00:00:00', 23, 0, 0, 12, 2018, 4, 7, '', '', 51, 357, NULL),
(358, '2018-12-24 00:00:00', 24, 1, 1, 12, 2018, 4, 1, '', '', 52, 358, NULL),
(359, '2018-12-25 00:00:00', 25, 0, 0, 12, 2018, 4, 2, 'Официальный праздничный день 25.12.2018', 'Официальный праздничный день 25.12.2018', 52, 359, NULL),
(360, '2018-12-26 00:00:00', 26, 1, 1, 12, 2018, 4, 3, '', '', 52, 360, NULL),
(361, '2018-12-27 00:00:00', 27, 1, 1, 12, 2018, 4, 4, '', '', 52, 361, NULL),
(362, '2018-12-28 00:00:00', 28, 1, 1, 12, 2018, 4, 5, '', '', 52, 362, NULL),
(363, '2018-12-29 00:00:00', 29, 0, 0, 12, 2018, 4, 6, '', '', 52, 363, NULL),
(364, '2018-12-30 00:00:00', 30, 0, 0, 12, 2018, 4, 7, '', '', 52, 364, NULL),
(365, '2018-12-31 00:00:00', 31, 1, 1, 12, 2018, 4, 1, '', '', 53, 365, NULL),
(366, '2019-01-01 00:00:00', 1, 0, 0, 1, 2019, 1, 2, 'Официальный праздничный день 1.1.2019', 'Официальный праздничный день 1.1.2019', 1, 1, NULL),
(367, '2019-01-02 00:00:00', 2, 1, 1, 1, 2019, 1, 3, '', '', 1, 2, NULL),
(368, '2019-01-03 00:00:00', 3, 1, 1, 1, 2019, 1, 4, '', '', 1, 3, NULL),
(369, '2019-01-04 00:00:00', 4, 1, 1, 1, 2019, 1, 5, '', '', 1, 4, NULL),
(370, '2019-01-05 00:00:00', 5, 0, 0, 1, 2019, 1, 6, '', '', 1, 5, NULL),
(371, '2019-01-06 00:00:00', 6, 0, 0, 1, 2019, 1, 7, '', '', 1, 6, NULL),
(372, '2019-01-07 00:00:00', 7, 0, 0, 1, 2019, 1, 1, 'Официальный праздничный день 7.1.2019', 'Официальный праздничный день 7.1.2019', 2, 7, NULL),
(373, '2019-01-08 00:00:00', 8, 1, 1, 1, 2019, 1, 2, '', '', 2, 8, NULL),
(374, '2019-01-09 00:00:00', 9, 1, 1, 1, 2019, 1, 3, '', '', 2, 9, NULL),
(375, '2019-01-10 00:00:00', 10, 1, 1, 1, 2019, 1, 4, '', '', 2, 10, NULL),
(376, '2019-01-11 00:00:00', 11, 1, 1, 1, 2019, 1, 5, '', '', 2, 11, NULL),
(377, '2019-01-12 00:00:00', 12, 0, 0, 1, 2019, 1, 6, '', '', 2, 12, NULL),
(378, '2019-01-13 00:00:00', 13, 0, 0, 1, 2019, 1, 7, '', '', 2, 13, NULL),
(379, '2019-01-14 00:00:00', 14, 1, 1, 1, 2019, 1, 1, '', '', 3, 14, NULL),
(380, '2019-01-15 00:00:00', 15, 1, 1, 1, 2019, 1, 2, '', '', 3, 15, NULL),
(381, '2019-01-16 00:00:00', 16, 1, 1, 1, 2019, 1, 3, '', '', 3, 16, NULL),
(382, '2019-01-17 00:00:00', 17, 1, 1, 1, 2019, 1, 4, '', '', 3, 17, NULL),
(383, '2019-01-18 00:00:00', 18, 1, 1, 1, 2019, 1, 5, '', '', 3, 18, NULL),
(384, '2019-01-19 00:00:00', 19, 0, 0, 1, 2019, 1, 6, '', '', 3, 19, NULL),
(385, '2019-01-20 00:00:00', 20, 0, 0, 1, 2019, 1, 7, '', '', 3, 20, NULL),
(386, '2019-01-21 00:00:00', 21, 1, 1, 1, 2019, 1, 1, '', '', 4, 21, NULL),
(387, '2019-01-22 00:00:00', 22, 1, 1, 1, 2019, 1, 2, '', '', 4, 22, NULL),
(388, '2019-01-23 00:00:00', 23, 1, 1, 1, 2019, 1, 3, '', '', 4, 23, NULL),
(389, '2019-01-24 00:00:00', 24, 1, 1, 1, 2019, 1, 4, '', '', 4, 24, NULL),
(390, '2019-01-25 00:00:00', 25, 1, 1, 1, 2019, 1, 5, '', '', 4, 25, NULL),
(391, '2019-01-26 00:00:00', 26, 0, 0, 1, 2019, 1, 6, '', '', 4, 26, NULL),
(392, '2019-01-27 00:00:00', 27, 0, 0, 1, 2019, 1, 7, '', '', 4, 27, NULL),
(393, '2019-01-28 00:00:00', 28, 1, 1, 1, 2019, 1, 1, '', '', 5, 28, NULL),
(394, '2019-01-29 00:00:00', 29, 1, 1, 1, 2019, 1, 2, '', '', 5, 29, NULL),
(395, '2019-01-30 00:00:00', 30, 1, 1, 1, 2019, 1, 3, '', '', 5, 30, NULL),
(396, '2019-01-31 00:00:00', 31, 1, 1, 1, 2019, 1, 4, '', '', 5, 31, NULL),
(397, '2019-02-01 00:00:00', 1, 1, 1, 2, 2019, 1, 5, '', '', 5, 32, NULL),
(398, '2019-02-02 00:00:00', 2, 0, 0, 2, 2019, 1, 6, '', '', 5, 33, NULL),
(399, '2019-02-03 00:00:00', 3, 0, 0, 2, 2019, 1, 7, '', '', 5, 34, NULL),
(400, '2019-02-04 00:00:00', 4, 1, 1, 2, 2019, 1, 1, '', '', 6, 35, NULL),
(401, '2019-02-05 00:00:00', 5, 1, 1, 2, 2019, 1, 2, '', '', 6, 36, NULL),
(402, '2019-02-06 00:00:00', 6, 1, 1, 2, 2019, 1, 3, '', '', 6, 37, NULL),
(403, '2019-02-07 00:00:00', 7, 1, 1, 2, 2019, 1, 4, '', '', 6, 38, NULL),
(404, '2019-02-08 00:00:00', 8, 1, 1, 2, 2019, 1, 5, '', '', 6, 39, NULL),
(405, '2019-02-09 00:00:00', 9, 0, 0, 2, 2019, 1, 6, '', '', 6, 40, NULL),
(406, '2019-02-10 00:00:00', 10, 0, 0, 2, 2019, 1, 7, '', '', 6, 41, NULL),
(407, '2019-02-11 00:00:00', 11, 1, 1, 2, 2019, 1, 1, '', '', 7, 42, NULL),
(408, '2019-02-12 00:00:00', 12, 1, 1, 2, 2019, 1, 2, '', '', 7, 43, NULL),
(409, '2019-02-13 00:00:00', 13, 1, 1, 2, 2019, 1, 3, '', '', 7, 44, NULL),
(410, '2019-02-14 00:00:00', 14, 1, 1, 2, 2019, 1, 4, '', '', 7, 45, NULL),
(411, '2019-02-15 00:00:00', 15, 1, 1, 2, 2019, 1, 5, '', '', 7, 46, NULL),
(412, '2019-02-16 00:00:00', 16, 0, 0, 2, 2019, 1, 6, '', '', 7, 47, NULL),
(413, '2019-02-17 00:00:00', 17, 0, 0, 2, 2019, 1, 7, '', '', 7, 48, NULL),
(414, '2019-02-18 00:00:00', 18, 1, 1, 2, 2019, 1, 1, '', '', 8, 49, NULL),
(415, '2019-02-19 00:00:00', 19, 1, 1, 2, 2019, 1, 2, '', '', 8, 50, NULL),
(416, '2019-02-20 00:00:00', 20, 1, 1, 2, 2019, 1, 3, '', '', 8, 51, NULL),
(417, '2019-02-21 00:00:00', 21, 1, 1, 2, 2019, 1, 4, '', '', 8, 52, NULL),
(418, '2019-02-22 00:00:00', 22, 1, 1, 2, 2019, 1, 5, '', '', 8, 53, NULL),
(419, '2019-02-23 00:00:00', 23, 0, 0, 2, 2019, 1, 6, '', '', 8, 54, NULL),
(420, '2019-02-24 00:00:00', 24, 0, 0, 2, 2019, 1, 7, '', '', 8, 55, NULL),
(421, '2019-02-25 00:00:00', 25, 1, 1, 2, 2019, 1, 1, '', '', 9, 56, NULL),
(422, '2019-02-26 00:00:00', 26, 1, 1, 2, 2019, 1, 2, '', '', 9, 57, NULL),
(423, '2019-02-27 00:00:00', 27, 1, 1, 2, 2019, 1, 3, '', '', 9, 58, NULL),
(424, '2019-02-28 00:00:00', 28, 1, 1, 2, 2019, 1, 4, '', '', 9, 59, NULL),
(425, '2019-03-01 00:00:00', 1, 1, 1, 3, 2019, 1, 5, '', '', 9, 60, NULL),
(426, '2019-03-02 00:00:00', 2, 0, 0, 3, 2019, 1, 6, '', '', 9, 61, NULL),
(427, '2019-03-03 00:00:00', 3, 0, 0, 3, 2019, 1, 7, '', '', 9, 62, NULL),
(428, '2019-03-04 00:00:00', 4, 1, 1, 3, 2019, 1, 1, '', '', 10, 63, NULL),
(429, '2019-03-05 00:00:00', 5, 1, 1, 3, 2019, 1, 2, '', '', 10, 64, NULL),
(430, '2019-03-06 00:00:00', 6, 1, 1, 3, 2019, 1, 3, '', '', 10, 65, NULL),
(431, '2019-03-07 00:00:00', 7, 1, 1, 3, 2019, 1, 4, '', '', 10, 66, NULL),
(432, '2019-03-08 00:00:00', 8, 0, 0, 3, 2019, 1, 5, 'Официальный праздничный день 8.3.2019', 'Официальный праздничный день 8.3.2019', 10, 67, NULL),
(433, '2019-03-09 00:00:00', 9, 0, 0, 3, 2019, 1, 6, '', '', 10, 68, NULL),
(434, '2019-03-10 00:00:00', 10, 0, 0, 3, 2019, 1, 7, '', '', 10, 69, NULL),
(435, '2019-03-11 00:00:00', 11, 1, 1, 3, 2019, 1, 1, '', '', 11, 70, NULL),
(436, '2019-03-12 00:00:00', 12, 1, 1, 3, 2019, 1, 2, '', '', 11, 71, NULL),
(437, '2019-03-13 00:00:00', 13, 1, 1, 3, 2019, 1, 3, '', '', 11, 72, NULL),
(438, '2019-03-14 00:00:00', 14, 1, 1, 3, 2019, 1, 4, '', '', 11, 73, NULL),
(439, '2019-03-15 00:00:00', 15, 1, 1, 3, 2019, 1, 5, '', '', 11, 74, NULL),
(440, '2019-03-16 00:00:00', 16, 0, 0, 3, 2019, 1, 6, '', '', 11, 75, NULL),
(441, '2019-03-17 00:00:00', 17, 0, 0, 3, 2019, 1, 7, '', '', 11, 76, NULL),
(442, '2019-03-18 00:00:00', 18, 1, 1, 3, 2019, 1, 1, '', '', 12, 77, NULL),
(443, '2019-03-19 00:00:00', 19, 1, 1, 3, 2019, 1, 2, '', '', 12, 78, NULL),
(444, '2019-03-20 00:00:00', 20, 1, 1, 3, 2019, 1, 3, '', '', 12, 79, NULL),
(445, '2019-03-21 00:00:00', 21, 1, 1, 3, 2019, 1, 4, '', '', 12, 80, NULL),
(446, '2019-03-22 00:00:00', 22, 1, 1, 3, 2019, 1, 5, '', '', 12, 81, NULL),
(447, '2019-03-23 00:00:00', 23, 0, 0, 3, 2019, 1, 6, '', '', 12, 82, NULL),
(448, '2019-03-24 00:00:00', 24, 0, 0, 3, 2019, 1, 7, '', '', 12, 83, NULL),
(449, '2019-03-25 00:00:00', 25, 1, 1, 3, 2019, 1, 1, '', '', 13, 84, NULL),
(450, '2019-03-26 00:00:00', 26, 1, 1, 3, 2019, 1, 2, '', '', 13, 85, NULL),
(451, '2019-03-27 00:00:00', 27, 1, 1, 3, 2019, 1, 3, '', '', 13, 86, NULL),
(452, '2019-03-28 00:00:00', 28, 1, 1, 3, 2019, 1, 4, '', '', 13, 87, NULL),
(453, '2019-03-29 00:00:00', 29, 1, 1, 3, 2019, 1, 5, '', '', 13, 88, NULL),
(454, '2019-03-30 00:00:00', 30, 0, 0, 3, 2019, 1, 6, '', '', 13, 89, NULL),
(455, '2019-03-31 00:00:00', 31, 0, 0, 3, 2019, 1, 7, '', '', 13, 90, NULL),
(456, '2019-04-01 00:00:00', 1, 1, 1, 4, 2019, 2, 1, '', '', 14, 91, NULL),
(457, '2019-04-02 00:00:00', 2, 1, 1, 4, 2019, 2, 2, '', '', 14, 92, NULL),
(458, '2019-04-03 00:00:00', 3, 1, 1, 4, 2019, 2, 3, '', '', 14, 93, NULL),
(459, '2019-04-04 00:00:00', 4, 1, 1, 4, 2019, 2, 4, '', '', 14, 94, NULL),
(460, '2019-04-05 00:00:00', 5, 1, 1, 4, 2019, 2, 5, '', '', 14, 95, NULL),
(461, '2019-04-06 00:00:00', 6, 0, 0, 4, 2019, 2, 6, '', '', 14, 96, NULL),
(462, '2019-04-07 00:00:00', 7, 0, 0, 4, 2019, 2, 7, '', '', 14, 97, NULL),
(463, '2019-04-08 00:00:00', 8, 1, 1, 4, 2019, 2, 1, '', '', 15, 98, NULL),
(464, '2019-04-09 00:00:00', 9, 1, 1, 4, 2019, 2, 2, '', '', 15, 99, NULL),
(465, '2019-04-10 00:00:00', 10, 1, 1, 4, 2019, 2, 3, '', '', 15, 100, NULL),
(466, '2019-04-11 00:00:00', 11, 1, 1, 4, 2019, 2, 4, '', '', 15, 101, NULL),
(467, '2019-04-12 00:00:00', 12, 1, 1, 4, 2019, 2, 5, '', '', 15, 102, NULL),
(468, '2019-04-13 00:00:00', 13, 0, 0, 4, 2019, 2, 6, '', '', 15, 103, NULL),
(469, '2019-04-14 00:00:00', 14, 0, 0, 4, 2019, 2, 7, '', '', 15, 104, NULL),
(470, '2019-04-15 00:00:00', 15, 1, 1, 4, 2019, 2, 1, '', '', 16, 105, NULL),
(471, '2019-04-16 00:00:00', 16, 1, 1, 4, 2019, 2, 2, '', '', 16, 106, NULL),
(472, '2019-04-17 00:00:00', 17, 1, 1, 4, 2019, 2, 3, '', '', 16, 107, NULL),
(473, '2019-04-18 00:00:00', 18, 1, 1, 4, 2019, 2, 4, '', '', 16, 108, NULL),
(474, '2019-04-19 00:00:00', 19, 1, 1, 4, 2019, 2, 5, '', '', 16, 109, NULL),
(475, '2019-04-20 00:00:00', 20, 0, 0, 4, 2019, 2, 6, '', '', 16, 110, NULL),
(476, '2019-04-21 00:00:00', 21, 0, 0, 4, 2019, 2, 7, '', '', 16, 111, NULL),
(477, '2019-04-22 00:00:00', 22, 1, 1, 4, 2019, 2, 1, '', '', 17, 112, NULL),
(478, '2019-04-23 00:00:00', 23, 1, 1, 4, 2019, 2, 2, '', '', 17, 113, NULL),
(479, '2019-04-24 00:00:00', 24, 1, 1, 4, 2019, 2, 3, '', '', 17, 114, NULL),
(480, '2019-04-25 00:00:00', 25, 1, 1, 4, 2019, 2, 4, '', '', 17, 115, NULL),
(481, '2019-04-26 00:00:00', 26, 1, 1, 4, 2019, 2, 5, '', '', 17, 116, NULL),
(482, '2019-04-27 00:00:00', 27, 0, 0, 4, 2019, 2, 6, '', '', 17, 117, NULL),
(483, '2019-04-28 00:00:00', 28, 0, 0, 4, 2019, 2, 7, '', '', 17, 118, NULL),
(484, '2019-04-29 00:00:00', 29, 1, 1, 4, 2019, 2, 1, '', '', 18, 119, NULL),
(485, '2019-04-30 00:00:00', 30, 1, 1, 4, 2019, 2, 2, '', '', 18, 120, NULL),
(486, '2019-05-01 00:00:00', 1, 0, 0, 5, 2019, 2, 3, 'Официальный праздничный день 1.5.2019', 'Официальный праздничный день 1.5.2019', 18, 121, NULL),
(487, '2019-05-02 00:00:00', 2, 1, 1, 5, 2019, 2, 4, '', '', 18, 122, NULL),
(488, '2019-05-03 00:00:00', 3, 1, 1, 5, 2019, 2, 5, '', '', 18, 123, NULL),
(489, '2019-05-04 00:00:00', 4, 0, 0, 5, 2019, 2, 6, '', '', 18, 124, NULL),
(490, '2019-05-05 00:00:00', 5, 0, 0, 5, 2019, 2, 7, '', '', 18, 125, NULL),
(491, '2019-05-06 00:00:00', 6, 1, 1, 5, 2019, 2, 1, '', '', 19, 126, NULL),
(492, '2019-05-07 00:00:00', 7, 1, 1, 5, 2019, 2, 2, '', '', 19, 127, NULL),
(493, '2019-05-08 00:00:00', 8, 1, 1, 5, 2019, 2, 3, '', '', 19, 128, NULL),
(494, '2019-05-09 00:00:00', 9, 0, 0, 5, 2019, 2, 4, 'Официальный праздничный день 9.5.2019', 'Официальный праздничный день 9.5.2019', 19, 129, NULL),
(495, '2019-05-10 00:00:00', 10, 1, 1, 5, 2019, 2, 5, '', '', 19, 130, NULL),
(496, '2019-05-11 00:00:00', 11, 0, 0, 5, 2019, 2, 6, '', '', 19, 131, NULL),
(497, '2019-05-12 00:00:00', 12, 0, 0, 5, 2019, 2, 7, '', '', 19, 132, NULL),
(498, '2019-05-13 00:00:00', 13, 1, 1, 5, 2019, 2, 1, '', '', 20, 133, NULL),
(499, '2019-05-14 00:00:00', 14, 1, 1, 5, 2019, 2, 2, '', '', 20, 134, NULL),
(500, '2019-05-15 00:00:00', 15, 1, 1, 5, 2019, 2, 3, '', '', 20, 135, NULL),
(501, '2019-05-16 00:00:00', 16, 1, 1, 5, 2019, 2, 4, '', '', 20, 136, NULL),
(502, '2019-05-17 00:00:00', 17, 1, 1, 5, 2019, 2, 5, '', '', 20, 137, NULL),
(503, '2019-05-18 00:00:00', 18, 0, 0, 5, 2019, 2, 6, '', '', 20, 138, NULL),
(504, '2019-05-19 00:00:00', 19, 0, 0, 5, 2019, 2, 7, '', '', 20, 139, NULL),
(505, '2019-05-20 00:00:00', 20, 1, 1, 5, 2019, 2, 1, '', '', 21, 140, NULL),
(506, '2019-05-21 00:00:00', 21, 1, 1, 5, 2019, 2, 2, '', '', 21, 141, NULL),
(507, '2019-05-22 00:00:00', 22, 1, 1, 5, 2019, 2, 3, '', '', 21, 142, NULL),
(508, '2019-05-23 00:00:00', 23, 1, 1, 5, 2019, 2, 4, '', '', 21, 143, NULL),
(509, '2019-05-24 00:00:00', 24, 1, 1, 5, 2019, 2, 5, '', '', 21, 144, NULL),
(510, '2019-05-25 00:00:00', 25, 0, 0, 5, 2019, 2, 6, '', '', 21, 145, NULL),
(511, '2019-05-26 00:00:00', 26, 0, 0, 5, 2019, 2, 7, '', '', 21, 146, NULL),
(512, '2019-05-27 00:00:00', 27, 1, 1, 5, 2019, 2, 1, '', '', 22, 147, NULL),
(513, '2019-05-28 00:00:00', 28, 1, 1, 5, 2019, 2, 2, '', '', 22, 148, NULL),
(514, '2019-05-29 00:00:00', 29, 1, 1, 5, 2019, 2, 3, '', '', 22, 149, NULL),
(515, '2019-05-30 00:00:00', 30, 1, 1, 5, 2019, 2, 4, '', '', 22, 150, NULL),
(516, '2019-05-31 00:00:00', 31, 1, 1, 5, 2019, 2, 5, '', '', 22, 151, NULL),
(517, '2019-06-01 00:00:00', 1, 0, 0, 6, 2019, 2, 6, '', '', 22, 152, NULL),
(518, '2019-06-02 00:00:00', 2, 0, 0, 6, 2019, 2, 7, '', '', 22, 153, NULL),
(519, '2019-06-03 00:00:00', 3, 1, 1, 6, 2019, 2, 1, '', '', 23, 154, NULL),
(520, '2019-06-04 00:00:00', 4, 1, 1, 6, 2019, 2, 2, '', '', 23, 155, NULL),
(521, '2019-06-05 00:00:00', 5, 1, 1, 6, 2019, 2, 3, '', '', 23, 156, NULL),
(522, '2019-06-06 00:00:00', 6, 1, 1, 6, 2019, 2, 4, '', '', 23, 157, NULL),
(523, '2019-06-07 00:00:00', 7, 1, 1, 6, 2019, 2, 5, '', '', 23, 158, NULL),
(524, '2019-06-08 00:00:00', 8, 0, 0, 6, 2019, 2, 6, '', '', 23, 159, NULL),
(525, '2019-06-09 00:00:00', 9, 0, 0, 6, 2019, 2, 7, '', '', 23, 160, NULL),
(526, '2019-06-10 00:00:00', 10, 1, 1, 6, 2019, 2, 1, '', '', 24, 161, NULL),
(527, '2019-06-11 00:00:00', 11, 1, 1, 6, 2019, 2, 2, '', '', 24, 162, NULL),
(528, '2019-06-12 00:00:00', 12, 1, 1, 6, 2019, 2, 3, '', '', 24, 163, NULL),
(529, '2019-06-13 00:00:00', 13, 1, 1, 6, 2019, 2, 4, '', '', 24, 164, NULL),
(530, '2019-06-14 00:00:00', 14, 1, 1, 6, 2019, 2, 5, '', '', 24, 165, NULL),
(531, '2019-06-15 00:00:00', 15, 0, 0, 6, 2019, 2, 6, '', '', 24, 166, NULL),
(532, '2019-06-16 00:00:00', 16, 0, 0, 6, 2019, 2, 7, '', '', 24, 167, NULL),
(533, '2019-06-17 00:00:00', 17, 1, 1, 6, 2019, 2, 1, '', '', 25, 168, NULL),
(534, '2019-06-18 00:00:00', 18, 1, 1, 6, 2019, 2, 2, '', '', 25, 169, NULL),
(535, '2019-06-19 00:00:00', 19, 1, 1, 6, 2019, 2, 3, '', '', 25, 170, NULL),
(536, '2019-06-20 00:00:00', 20, 1, 1, 6, 2019, 2, 4, '', '', 25, 171, NULL),
(537, '2019-06-21 00:00:00', 21, 1, 1, 6, 2019, 2, 5, '', '', 25, 172, NULL),
(538, '2019-06-22 00:00:00', 22, 0, 0, 6, 2019, 2, 6, '', '', 25, 173, NULL),
(539, '2019-06-23 00:00:00', 23, 0, 0, 6, 2019, 2, 7, '', '', 25, 174, NULL),
(540, '2019-06-24 00:00:00', 24, 1, 1, 6, 2019, 2, 1, '', '', 26, 175, NULL),
(541, '2019-06-25 00:00:00', 25, 1, 1, 6, 2019, 2, 2, '', '', 26, 176, NULL),
(542, '2019-06-26 00:00:00', 26, 1, 1, 6, 2019, 2, 3, '', '', 26, 177, NULL),
(543, '2019-06-27 00:00:00', 27, 1, 1, 6, 2019, 2, 4, '', '', 26, 178, NULL),
(544, '2019-06-28 00:00:00', 28, 1, 1, 6, 2019, 2, 5, '', '', 26, 179, NULL),
(545, '2019-06-29 00:00:00', 29, 0, 0, 6, 2019, 2, 6, '', '', 26, 180, NULL),
(546, '2019-06-30 00:00:00', 30, 0, 0, 6, 2019, 2, 7, '', '', 26, 181, NULL),
(547, '2019-07-01 00:00:00', 1, 1, 1, 7, 2019, 3, 1, '', '', 27, 182, NULL),
(548, '2019-07-02 00:00:00', 2, 1, 1, 7, 2019, 3, 2, '', '', 27, 183, NULL),
(549, '2019-07-03 00:00:00', 3, 1, 1, 7, 2019, 3, 3, '', '', 27, 184, NULL),
(550, '2019-07-04 00:00:00', 4, 1, 1, 7, 2019, 3, 4, '', '', 27, 185, NULL),
(551, '2019-07-05 00:00:00', 5, 1, 1, 7, 2019, 3, 5, '', '', 27, 186, NULL),
(552, '2019-07-06 00:00:00', 6, 0, 0, 7, 2019, 3, 6, '', '', 27, 187, NULL),
(553, '2019-07-07 00:00:00', 7, 0, 0, 7, 2019, 3, 7, '', '', 27, 188, NULL),
(554, '2019-07-08 00:00:00', 8, 1, 1, 7, 2019, 3, 1, '', '', 28, 189, NULL),
(555, '2019-07-09 00:00:00', 9, 1, 1, 7, 2019, 3, 2, '', '', 28, 190, NULL),
(556, '2019-07-10 00:00:00', 10, 1, 1, 7, 2019, 3, 3, '', '', 28, 191, NULL),
(557, '2019-07-11 00:00:00', 11, 1, 1, 7, 2019, 3, 4, '', '', 28, 192, NULL),
(558, '2019-07-12 00:00:00', 12, 1, 1, 7, 2019, 3, 5, '', '', 28, 193, NULL),
(559, '2019-07-13 00:00:00', 13, 0, 0, 7, 2019, 3, 6, '', '', 28, 194, NULL),
(560, '2019-07-14 00:00:00', 14, 0, 0, 7, 2019, 3, 7, '', '', 28, 195, NULL),
(561, '2019-07-15 00:00:00', 15, 1, 1, 7, 2019, 3, 1, '', '', 29, 196, NULL),
(562, '2019-07-16 00:00:00', 16, 1, 1, 7, 2019, 3, 2, '', '', 29, 197, NULL),
(563, '2019-07-17 00:00:00', 17, 1, 1, 7, 2019, 3, 3, '', '', 29, 198, NULL),
(564, '2019-07-18 00:00:00', 18, 1, 1, 7, 2019, 3, 4, '', '', 29, 199, NULL),
(565, '2019-07-19 00:00:00', 19, 1, 1, 7, 2019, 3, 5, '', '', 29, 200, NULL),
(566, '2019-07-20 00:00:00', 20, 0, 0, 7, 2019, 3, 6, '', '', 29, 201, NULL),
(567, '2019-07-21 00:00:00', 21, 0, 0, 7, 2019, 3, 7, '', '', 29, 202, NULL),
(568, '2019-07-22 00:00:00', 22, 1, 1, 7, 2019, 3, 1, '', '', 30, 203, NULL),
(569, '2019-07-23 00:00:00', 23, 1, 1, 7, 2019, 3, 2, '', '', 30, 204, NULL),
(570, '2019-07-24 00:00:00', 24, 1, 1, 7, 2019, 3, 3, '', '', 30, 205, NULL),
(571, '2019-07-25 00:00:00', 25, 1, 1, 7, 2019, 3, 4, '', '', 30, 206, NULL),
(572, '2019-07-26 00:00:00', 26, 1, 1, 7, 2019, 3, 5, '', '', 30, 207, NULL),
(573, '2019-07-27 00:00:00', 27, 0, 0, 7, 2019, 3, 6, '', '', 30, 208, NULL),
(574, '2019-07-28 00:00:00', 28, 0, 0, 7, 2019, 3, 7, '', '', 30, 209, NULL),
(575, '2019-07-29 00:00:00', 29, 1, 1, 7, 2019, 3, 1, '', '', 31, 210, NULL),
(576, '2019-07-30 00:00:00', 30, 1, 1, 7, 2019, 3, 2, '', '', 31, 211, NULL),
(577, '2019-07-31 00:00:00', 31, 1, 1, 7, 2019, 3, 3, '', '', 31, 212, NULL),
(578, '2019-08-01 00:00:00', 1, 1, 1, 8, 2019, 3, 4, '', '', 31, 213, NULL),
(579, '2019-08-02 00:00:00', 2, 1, 1, 8, 2019, 3, 5, '', '', 31, 214, NULL),
(580, '2019-08-03 00:00:00', 3, 0, 0, 8, 2019, 3, 6, '', '', 31, 215, NULL),
(581, '2019-08-04 00:00:00', 4, 0, 0, 8, 2019, 3, 7, '', '', 31, 216, NULL),
(582, '2019-08-05 00:00:00', 5, 1, 1, 8, 2019, 3, 1, '', '', 32, 217, NULL),
(583, '2019-08-06 00:00:00', 6, 1, 1, 8, 2019, 3, 2, '', '', 32, 218, NULL),
(584, '2019-08-07 00:00:00', 7, 1, 1, 8, 2019, 3, 3, '', '', 32, 219, NULL),
(585, '2019-08-08 00:00:00', 8, 1, 1, 8, 2019, 3, 4, '', '', 32, 220, NULL),
(586, '2019-08-09 00:00:00', 9, 1, 1, 8, 2019, 3, 5, '', '', 32, 221, NULL),
(587, '2019-08-10 00:00:00', 10, 0, 0, 8, 2019, 3, 6, '', '', 32, 222, NULL),
(588, '2019-08-11 00:00:00', 11, 0, 0, 8, 2019, 3, 7, '', '', 32, 223, NULL),
(589, '2019-08-12 00:00:00', 12, 1, 1, 8, 2019, 3, 1, '', '', 33, 224, NULL),
(590, '2019-08-13 00:00:00', 13, 1, 1, 8, 2019, 3, 2, '', '', 33, 225, NULL),
(591, '2019-08-14 00:00:00', 14, 1, 1, 8, 2019, 3, 3, '', '', 33, 226, NULL),
(592, '2019-08-15 00:00:00', 15, 1, 1, 8, 2019, 3, 4, '', '', 33, 227, NULL),
(593, '2019-08-16 00:00:00', 16, 1, 1, 8, 2019, 3, 5, '', '', 33, 228, NULL),
(594, '2019-08-17 00:00:00', 17, 0, 0, 8, 2019, 3, 6, '', '', 33, 229, NULL),
(595, '2019-08-18 00:00:00', 18, 0, 0, 8, 2019, 3, 7, '', '', 33, 230, NULL),
(596, '2019-08-19 00:00:00', 19, 1, 1, 8, 2019, 3, 1, '', '', 34, 231, NULL),
(597, '2019-08-20 00:00:00', 20, 1, 1, 8, 2019, 3, 2, '', '', 34, 232, NULL),
(598, '2019-08-21 00:00:00', 21, 1, 1, 8, 2019, 3, 3, '', '', 34, 233, NULL),
(599, '2019-08-22 00:00:00', 22, 1, 1, 8, 2019, 3, 4, '', '', 34, 234, NULL),
(600, '2019-08-23 00:00:00', 23, 1, 1, 8, 2019, 3, 5, '', '', 34, 235, NULL),
(601, '2019-08-24 00:00:00', 24, 0, 0, 8, 2019, 3, 6, '', '', 34, 236, NULL),
(602, '2019-08-25 00:00:00', 25, 0, 0, 8, 2019, 3, 7, '', '', 34, 237, NULL),
(603, '2019-08-26 00:00:00', 26, 1, 1, 8, 2019, 3, 1, '', '', 35, 238, NULL),
(604, '2019-08-27 00:00:00', 27, 1, 1, 8, 2019, 3, 2, '', '', 35, 239, NULL),
(605, '2019-08-28 00:00:00', 28, 1, 1, 8, 2019, 3, 3, '', '', 35, 240, NULL),
(606, '2019-08-29 00:00:00', 29, 1, 1, 8, 2019, 3, 4, '', '', 35, 241, NULL),
(607, '2019-08-30 00:00:00', 30, 1, 1, 8, 2019, 3, 5, '', '', 35, 242, NULL),
(608, '2019-08-31 00:00:00', 31, 0, 0, 8, 2019, 3, 6, '', '', 35, 243, NULL),
(609, '2019-09-01 00:00:00', 1, 0, 0, 9, 2019, 3, 7, '', '', 35, 244, NULL),
(610, '2019-09-02 00:00:00', 2, 1, 1, 9, 2019, 3, 1, '', '', 36, 245, NULL),
(611, '2019-09-03 00:00:00', 3, 1, 1, 9, 2019, 3, 2, '', '', 36, 246, NULL),
(612, '2019-09-04 00:00:00', 4, 1, 1, 9, 2019, 3, 3, '', '', 36, 247, NULL),
(613, '2019-09-05 00:00:00', 5, 1, 1, 9, 2019, 3, 4, '', '', 36, 248, NULL),
(614, '2019-09-06 00:00:00', 6, 1, 1, 9, 2019, 3, 5, '', '', 36, 249, NULL),
(615, '2019-09-07 00:00:00', 7, 0, 0, 9, 2019, 3, 6, '', '', 36, 250, NULL),
(616, '2019-09-08 00:00:00', 8, 0, 0, 9, 2019, 3, 7, '', '', 36, 251, NULL),
(617, '2019-09-09 00:00:00', 9, 1, 1, 9, 2019, 3, 1, '', '', 37, 252, NULL),
(618, '2019-09-10 00:00:00', 10, 1, 1, 9, 2019, 3, 2, '', '', 37, 253, NULL),
(619, '2019-09-11 00:00:00', 11, 1, 1, 9, 2019, 3, 3, '', '', 37, 254, NULL),
(620, '2019-09-12 00:00:00', 12, 1, 1, 9, 2019, 3, 4, '', '', 37, 255, NULL),
(621, '2019-09-13 00:00:00', 13, 1, 1, 9, 2019, 3, 5, '', '', 37, 256, NULL),
(622, '2019-09-14 00:00:00', 14, 0, 0, 9, 2019, 3, 6, '', '', 37, 257, NULL),
(623, '2019-09-15 00:00:00', 15, 0, 0, 9, 2019, 3, 7, '', '', 37, 258, NULL),
(624, '2019-09-16 00:00:00', 16, 1, 1, 9, 2019, 3, 1, '', '', 38, 259, NULL),
(625, '2019-09-17 00:00:00', 17, 1, 1, 9, 2019, 3, 2, '', '', 38, 260, NULL),
(626, '2019-09-18 00:00:00', 18, 1, 1, 9, 2019, 3, 3, '', '', 38, 261, NULL),
(627, '2019-09-19 00:00:00', 19, 1, 1, 9, 2019, 3, 4, '', '', 38, 262, NULL),
(628, '2019-09-20 00:00:00', 20, 1, 1, 9, 2019, 3, 5, '', '', 38, 263, NULL),
(629, '2019-09-21 00:00:00', 21, 0, 0, 9, 2019, 3, 6, '', '', 38, 264, NULL),
(630, '2019-09-22 00:00:00', 22, 0, 0, 9, 2019, 3, 7, '', '', 38, 265, NULL),
(631, '2019-09-23 00:00:00', 23, 1, 1, 9, 2019, 3, 1, '', '', 39, 266, NULL),
(632, '2019-09-24 00:00:00', 24, 1, 1, 9, 2019, 3, 2, '', '', 39, 267, NULL),
(633, '2019-09-25 00:00:00', 25, 1, 1, 9, 2019, 3, 3, '', '', 39, 268, NULL),
(634, '2019-09-26 00:00:00', 26, 1, 1, 9, 2019, 3, 4, '', '', 39, 269, NULL),
(635, '2019-09-27 00:00:00', 27, 1, 1, 9, 2019, 3, 5, '', '', 39, 270, NULL),
(636, '2019-09-28 00:00:00', 28, 0, 0, 9, 2019, 3, 6, '', '', 39, 271, NULL),
(637, '2019-09-29 00:00:00', 29, 0, 0, 9, 2019, 3, 7, '', '', 39, 272, NULL),
(638, '2019-09-30 00:00:00', 30, 1, 1, 9, 2019, 3, 1, '', '', 40, 273, NULL),
(639, '2019-10-01 00:00:00', 1, 1, 1, 10, 2019, 4, 2, '', '', 40, 274, NULL),
(640, '2019-10-02 00:00:00', 2, 1, 1, 10, 2019, 4, 3, '', '', 40, 275, NULL),
(641, '2019-10-03 00:00:00', 3, 1, 1, 10, 2019, 4, 4, '', '', 40, 276, NULL),
(642, '2019-10-04 00:00:00', 4, 1, 1, 10, 2019, 4, 5, '', '', 40, 277, NULL),
(643, '2019-10-05 00:00:00', 5, 0, 0, 10, 2019, 4, 6, '', '', 40, 278, NULL),
(644, '2019-10-06 00:00:00', 6, 0, 0, 10, 2019, 4, 7, '', '', 40, 279, NULL),
(645, '2019-10-07 00:00:00', 7, 1, 1, 10, 2019, 4, 1, '', '', 41, 280, NULL),
(646, '2019-10-08 00:00:00', 8, 1, 1, 10, 2019, 4, 2, '', '', 41, 281, NULL),
(647, '2019-10-09 00:00:00', 9, 1, 1, 10, 2019, 4, 3, '', '', 41, 282, NULL),
(648, '2019-10-10 00:00:00', 10, 1, 1, 10, 2019, 4, 4, '', '', 41, 283, NULL),
(649, '2019-10-11 00:00:00', 11, 1, 1, 10, 2019, 4, 5, '', '', 41, 284, NULL),
(650, '2019-10-12 00:00:00', 12, 0, 0, 10, 2019, 4, 6, '', '', 41, 285, NULL),
(651, '2019-10-13 00:00:00', 13, 0, 0, 10, 2019, 4, 7, '', '', 41, 286, NULL),
(652, '2019-10-14 00:00:00', 14, 0, 0, 10, 2019, 4, 1, 'Официальный праздничный день 14.10.2019', 'Официальный праздничный день 14.10.2019', 42, 287, NULL),
(653, '2019-10-15 00:00:00', 15, 1, 1, 10, 2019, 4, 2, '', '', 42, 288, NULL),
(654, '2019-10-16 00:00:00', 16, 1, 1, 10, 2019, 4, 3, '', '', 42, 289, NULL),
(655, '2019-10-17 00:00:00', 17, 1, 1, 10, 2019, 4, 4, '', '', 42, 290, NULL),
(656, '2019-10-18 00:00:00', 18, 1, 1, 10, 2019, 4, 5, '', '', 42, 291, NULL),
(657, '2019-10-19 00:00:00', 19, 0, 0, 10, 2019, 4, 6, '', '', 42, 292, NULL),
(658, '2019-10-20 00:00:00', 20, 0, 0, 10, 2019, 4, 7, '', '', 42, 293, NULL),
(659, '2019-10-21 00:00:00', 21, 1, 1, 10, 2019, 4, 1, '', '', 43, 294, NULL),
(660, '2019-10-22 00:00:00', 22, 1, 1, 10, 2019, 4, 2, '', '', 43, 295, NULL),
(661, '2019-10-23 00:00:00', 23, 1, 1, 10, 2019, 4, 3, '', '', 43, 296, NULL),
(662, '2019-10-24 00:00:00', 24, 1, 1, 10, 2019, 4, 4, '', '', 43, 297, NULL),
(663, '2019-10-25 00:00:00', 25, 1, 1, 10, 2019, 4, 5, '', '', 43, 298, NULL),
(664, '2019-10-26 00:00:00', 26, 0, 0, 10, 2019, 4, 6, '', '', 43, 299, NULL),
(665, '2019-10-27 00:00:00', 27, 0, 0, 10, 2019, 4, 7, '', '', 43, 300, NULL),
(666, '2019-10-28 00:00:00', 28, 1, 1, 10, 2019, 4, 1, '', '', 44, 301, NULL),
(667, '2019-10-29 00:00:00', 29, 1, 1, 10, 2019, 4, 2, '', '', 44, 302, NULL),
(668, '2019-10-30 00:00:00', 30, 1, 1, 10, 2019, 4, 3, '', '', 44, 303, NULL),
(669, '2019-10-31 00:00:00', 31, 1, 1, 10, 2019, 4, 4, '', '', 44, 304, NULL),
(670, '2019-11-01 00:00:00', 1, 1, 1, 11, 2019, 4, 5, '', '', 44, 305, NULL),
(671, '2019-11-02 00:00:00', 2, 0, 0, 11, 2019, 4, 6, '', '', 44, 306, NULL),
(672, '2019-11-03 00:00:00', 3, 0, 0, 11, 2019, 4, 7, '', '', 44, 307, NULL),
(673, '2019-11-04 00:00:00', 4, 1, 1, 11, 2019, 4, 1, '', '', 45, 308, NULL),
(674, '2019-11-05 00:00:00', 5, 1, 1, 11, 2019, 4, 2, '', '', 45, 309, NULL),
(675, '2019-11-06 00:00:00', 6, 1, 1, 11, 2019, 4, 3, '', '', 45, 310, NULL),
(676, '2019-11-07 00:00:00', 7, 1, 1, 11, 2019, 4, 4, '', '', 45, 311, NULL),
(677, '2019-11-08 00:00:00', 8, 1, 1, 11, 2019, 4, 5, '', '', 45, 312, NULL),
(678, '2019-11-09 00:00:00', 9, 0, 0, 11, 2019, 4, 6, '', '', 45, 313, NULL),
(679, '2019-11-10 00:00:00', 10, 0, 0, 11, 2019, 4, 7, '', '', 45, 314, NULL),
(680, '2019-11-11 00:00:00', 11, 1, 1, 11, 2019, 4, 1, '', '', 46, 315, NULL),
(681, '2019-11-12 00:00:00', 12, 1, 1, 11, 2019, 4, 2, '', '', 46, 316, NULL),
(682, '2019-11-13 00:00:00', 13, 1, 1, 11, 2019, 4, 3, '', '', 46, 317, NULL),
(683, '2019-11-14 00:00:00', 14, 1, 1, 11, 2019, 4, 4, '', '', 46, 318, NULL),
(684, '2019-11-15 00:00:00', 15, 1, 1, 11, 2019, 4, 5, '', '', 46, 319, NULL),
(685, '2019-11-16 00:00:00', 16, 0, 0, 11, 2019, 4, 6, '', '', 46, 320, NULL),
(686, '2019-11-17 00:00:00', 17, 0, 0, 11, 2019, 4, 7, '', '', 46, 321, NULL),
(687, '2019-11-18 00:00:00', 18, 1, 1, 11, 2019, 4, 1, '', '', 47, 322, NULL),
(688, '2019-11-19 00:00:00', 19, 1, 1, 11, 2019, 4, 2, '', '', 47, 323, NULL),
(689, '2019-11-20 00:00:00', 20, 1, 1, 11, 2019, 4, 3, '', '', 47, 324, NULL),
(690, '2019-11-21 00:00:00', 21, 1, 1, 11, 2019, 4, 4, '', '', 47, 325, NULL),
(691, '2019-11-22 00:00:00', 22, 1, 1, 11, 2019, 4, 5, '', '', 47, 326, NULL),
(692, '2019-11-23 00:00:00', 23, 0, 0, 11, 2019, 4, 6, '', '', 47, 327, NULL),
(693, '2019-11-24 00:00:00', 24, 0, 0, 11, 2019, 4, 7, '', '', 47, 328, NULL),
(694, '2019-11-25 00:00:00', 25, 1, 1, 11, 2019, 4, 1, '', '', 48, 329, NULL),
(695, '2019-11-26 00:00:00', 26, 1, 1, 11, 2019, 4, 2, '', '', 48, 330, NULL),
(696, '2019-11-27 00:00:00', 27, 1, 1, 11, 2019, 4, 3, '', '', 48, 331, NULL),
(697, '2019-11-28 00:00:00', 28, 1, 1, 11, 2019, 4, 4, '', '', 48, 332, NULL),
(698, '2019-11-29 00:00:00', 29, 1, 1, 11, 2019, 4, 5, '', '', 48, 333, NULL),
(699, '2019-11-30 00:00:00', 30, 0, 0, 11, 2019, 4, 6, '', '', 48, 334, NULL),
(700, '2019-12-01 00:00:00', 1, 0, 0, 12, 2019, 4, 7, '', '', 48, 335, NULL),
(701, '2019-12-02 00:00:00', 2, 1, 1, 12, 2019, 4, 1, '', '', 49, 336, NULL),
(702, '2019-12-03 00:00:00', 3, 1, 1, 12, 2019, 4, 2, '', '', 49, 337, NULL),
(703, '2019-12-04 00:00:00', 4, 1, 1, 12, 2019, 4, 3, '', '', 49, 338, NULL),
(704, '2019-12-05 00:00:00', 5, 1, 1, 12, 2019, 4, 4, '', '', 49, 339, NULL),
(705, '2019-12-06 00:00:00', 6, 1, 1, 12, 2019, 4, 5, '', '', 49, 340, NULL),
(706, '2019-12-07 00:00:00', 7, 0, 0, 12, 2019, 4, 6, '', '', 49, 341, NULL),
(707, '2019-12-08 00:00:00', 8, 0, 0, 12, 2019, 4, 7, '', '', 49, 342, NULL),
(708, '2019-12-09 00:00:00', 9, 1, 1, 12, 2019, 4, 1, '', '', 50, 343, NULL),
(709, '2019-12-10 00:00:00', 10, 1, 1, 12, 2019, 4, 2, '', '', 50, 344, NULL),
(710, '2019-12-11 00:00:00', 11, 1, 1, 12, 2019, 4, 3, '', '', 50, 345, NULL),
(711, '2019-12-12 00:00:00', 12, 1, 1, 12, 2019, 4, 4, '', '', 50, 346, NULL),
(712, '2019-12-13 00:00:00', 13, 1, 1, 12, 2019, 4, 5, '', '', 50, 347, NULL),
(713, '2019-12-14 00:00:00', 14, 0, 0, 12, 2019, 4, 6, '', '', 50, 348, NULL),
(714, '2019-12-15 00:00:00', 15, 0, 0, 12, 2019, 4, 7, '', '', 50, 349, NULL),
(715, '2019-12-16 00:00:00', 16, 1, 1, 12, 2019, 4, 1, '', '', 51, 350, NULL),
(716, '2019-12-17 00:00:00', 17, 1, 1, 12, 2019, 4, 2, '', '', 51, 351, NULL),
(717, '2019-12-18 00:00:00', 18, 1, 1, 12, 2019, 4, 3, '', '', 51, 352, NULL),
(718, '2019-12-19 00:00:00', 19, 1, 1, 12, 2019, 4, 4, '', '', 51, 353, NULL),
(719, '2019-12-20 00:00:00', 20, 1, 1, 12, 2019, 4, 5, '', '', 51, 354, NULL),
(720, '2019-12-21 00:00:00', 21, 0, 0, 12, 2019, 4, 6, '', '', 51, 355, NULL),
(721, '2019-12-22 00:00:00', 22, 0, 0, 12, 2019, 4, 7, '', '', 51, 356, NULL),
(722, '2019-12-23 00:00:00', 23, 1, 1, 12, 2019, 4, 1, '', '', 52, 357, NULL),
(723, '2019-12-24 00:00:00', 24, 1, 1, 12, 2019, 4, 2, '', '', 52, 358, NULL),
(724, '2019-12-25 00:00:00', 25, 0, 0, 12, 2019, 4, 3, 'Официальный праздничный день 25.12.2019', 'Официальный праздничный день 25.12.2019', 52, 359, NULL),
(725, '2019-12-26 00:00:00', 26, 1, 1, 12, 2019, 4, 4, '', '', 52, 360, NULL),
(726, '2019-12-27 00:00:00', 27, 1, 1, 12, 2019, 4, 5, '', '', 52, 361, NULL),
(727, '2019-12-28 00:00:00', 28, 0, 0, 12, 2019, 4, 6, '', '', 52, 362, NULL),
(728, '2019-12-29 00:00:00', 29, 0, 0, 12, 2019, 4, 7, '', '', 52, 363, NULL),
(729, '2019-12-30 00:00:00', 30, 1, 1, 12, 2019, 4, 1, '', '', 53, 364, NULL),
(730, '2019-12-31 00:00:00', 31, 1, 1, 12, 2019, 4, 2, '', '', 53, 365, NULL),
(731, '2020-01-01 00:00:00', 1, 0, 0, 1, 2020, 1, 3, 'Официальный праздничный день 1.1.2020', 'Официальный праздничный день 1.1.2020', 1, 1, NULL),
(732, '2020-01-02 00:00:00', 2, 1, 1, 1, 2020, 1, 4, '', '', 1, 2, NULL),
(733, '2020-01-03 00:00:00', 3, 1, 1, 1, 2020, 1, 5, '', '', 1, 3, NULL),
(734, '2020-01-04 00:00:00', 4, 0, 0, 1, 2020, 1, 6, '', '', 1, 4, NULL),
(735, '2020-01-05 00:00:00', 5, 0, 0, 1, 2020, 1, 7, '', '', 1, 5, NULL),
(736, '2020-01-06 00:00:00', 6, 1, 1, 1, 2020, 1, 1, '', '', 2, 6, NULL),
(737, '2020-01-07 00:00:00', 7, 0, 0, 1, 2020, 1, 2, 'Официальный праздничный день 7.1.2020', 'Официальный праздничный день 7.1.2020', 2, 7, NULL),
(738, '2020-01-08 00:00:00', 8, 1, 1, 1, 2020, 1, 3, '', '', 2, 8, NULL),
(739, '2020-01-09 00:00:00', 9, 1, 1, 1, 2020, 1, 4, '', '', 2, 9, NULL),
(740, '2020-01-10 00:00:00', 10, 1, 1, 1, 2020, 1, 5, '', '', 2, 10, NULL),
(741, '2020-01-11 00:00:00', 11, 0, 0, 1, 2020, 1, 6, '', '', 2, 11, NULL),
(742, '2020-01-12 00:00:00', 12, 0, 0, 1, 2020, 1, 7, '', '', 2, 12, NULL),
(743, '2020-01-13 00:00:00', 13, 1, 1, 1, 2020, 1, 1, '', '', 3, 13, NULL),
(744, '2020-01-14 00:00:00', 14, 1, 1, 1, 2020, 1, 2, '', '', 3, 14, NULL),
(745, '2020-01-15 00:00:00', 15, 1, 1, 1, 2020, 1, 3, '', '', 3, 15, NULL),
(746, '2020-01-16 00:00:00', 16, 1, 1, 1, 2020, 1, 4, '', '', 3, 16, NULL),
(747, '2020-01-17 00:00:00', 17, 1, 1, 1, 2020, 1, 5, '', '', 3, 17, NULL),
(748, '2020-01-18 00:00:00', 18, 0, 0, 1, 2020, 1, 6, '', '', 3, 18, NULL),
(749, '2020-01-19 00:00:00', 19, 0, 0, 1, 2020, 1, 7, '', '', 3, 19, NULL),
(750, '2020-01-20 00:00:00', 20, 1, 1, 1, 2020, 1, 1, '', '', 4, 20, NULL),
(751, '2020-01-21 00:00:00', 21, 1, 1, 1, 2020, 1, 2, '', '', 4, 21, NULL),
(752, '2020-01-22 00:00:00', 22, 1, 1, 1, 2020, 1, 3, '', '', 4, 22, NULL),
(753, '2020-01-23 00:00:00', 23, 1, 1, 1, 2020, 1, 4, '', '', 4, 23, NULL),
(754, '2020-01-24 00:00:00', 24, 1, 1, 1, 2020, 1, 5, '', '', 4, 24, NULL),
(755, '2020-01-25 00:00:00', 25, 0, 0, 1, 2020, 1, 6, '', '', 4, 25, NULL),
(756, '2020-01-26 00:00:00', 26, 0, 0, 1, 2020, 1, 7, '', '', 4, 26, NULL),
(757, '2020-01-27 00:00:00', 27, 1, 1, 1, 2020, 1, 1, '', '', 5, 27, NULL),
(758, '2020-01-28 00:00:00', 28, 1, 1, 1, 2020, 1, 2, '', '', 5, 28, NULL),
(759, '2020-01-29 00:00:00', 29, 1, 1, 1, 2020, 1, 3, '', '', 5, 29, NULL),
(760, '2020-01-30 00:00:00', 30, 1, 1, 1, 2020, 1, 4, '', '', 5, 30, NULL),
(761, '2020-01-31 00:00:00', 31, 1, 1, 1, 2020, 1, 5, '', '', 5, 31, NULL),
(762, '2020-02-01 00:00:00', 1, 0, 0, 2, 2020, 1, 6, '', '', 5, 32, NULL),
(763, '2020-02-02 00:00:00', 2, 0, 0, 2, 2020, 1, 7, '', '', 5, 33, NULL),
(764, '2020-02-03 00:00:00', 3, 1, 1, 2, 2020, 1, 1, '', '', 6, 34, NULL),
(765, '2020-02-04 00:00:00', 4, 1, 1, 2, 2020, 1, 2, '', '', 6, 35, NULL),
(766, '2020-02-05 00:00:00', 5, 1, 1, 2, 2020, 1, 3, '', '', 6, 36, NULL),
(767, '2020-02-06 00:00:00', 6, 1, 1, 2, 2020, 1, 4, '', '', 6, 37, NULL),
(768, '2020-02-07 00:00:00', 7, 1, 1, 2, 2020, 1, 5, '', '', 6, 38, NULL),
(769, '2020-02-08 00:00:00', 8, 0, 0, 2, 2020, 1, 6, '', '', 6, 39, NULL),
(770, '2020-02-09 00:00:00', 9, 0, 0, 2, 2020, 1, 7, '', '', 6, 40, NULL),
(771, '2020-02-10 00:00:00', 10, 1, 1, 2, 2020, 1, 1, '', '', 7, 41, NULL),
(772, '2020-02-11 00:00:00', 11, 1, 1, 2, 2020, 1, 2, '', '', 7, 42, NULL),
(773, '2020-02-12 00:00:00', 12, 1, 1, 2, 2020, 1, 3, '', '', 7, 43, NULL),
(774, '2020-02-13 00:00:00', 13, 1, 1, 2, 2020, 1, 4, '', '', 7, 44, NULL),
(775, '2020-02-14 00:00:00', 14, 1, 1, 2, 2020, 1, 5, '', '', 7, 45, NULL),
(776, '2020-02-15 00:00:00', 15, 0, 0, 2, 2020, 1, 6, '', '', 7, 46, NULL),
(777, '2020-02-16 00:00:00', 16, 0, 0, 2, 2020, 1, 7, '', '', 7, 47, NULL),
(778, '2020-02-17 00:00:00', 17, 1, 1, 2, 2020, 1, 1, '', '', 8, 48, NULL),
(779, '2020-02-18 00:00:00', 18, 1, 1, 2, 2020, 1, 2, '', '', 8, 49, NULL),
(780, '2020-02-19 00:00:00', 19, 1, 1, 2, 2020, 1, 3, '', '', 8, 50, NULL),
(781, '2020-02-20 00:00:00', 20, 1, 1, 2, 2020, 1, 4, '', '', 8, 51, NULL),
(782, '2020-02-21 00:00:00', 21, 1, 1, 2, 2020, 1, 5, '', '', 8, 52, NULL),
(783, '2020-02-22 00:00:00', 22, 0, 0, 2, 2020, 1, 6, '', '', 8, 53, NULL),
(784, '2020-02-23 00:00:00', 23, 0, 0, 2, 2020, 1, 7, '', '', 8, 54, NULL),
(785, '2020-02-24 00:00:00', 24, 1, 1, 2, 2020, 1, 1, '', '', 9, 55, NULL),
(786, '2020-02-25 00:00:00', 25, 1, 1, 2, 2020, 1, 2, '', '', 9, 56, NULL),
(787, '2020-02-26 00:00:00', 26, 1, 1, 2, 2020, 1, 3, '', '', 9, 57, NULL),
(788, '2020-02-27 00:00:00', 27, 1, 1, 2, 2020, 1, 4, '', '', 9, 58, NULL),
(789, '2020-02-28 00:00:00', 28, 1, 1, 2, 2020, 1, 5, '', '', 9, 59, NULL),
(790, '2020-02-29 00:00:00', 29, 0, 0, 2, 2020, 1, 6, '', '', 9, 60, NULL),
(791, '2020-03-01 00:00:00', 1, 0, 0, 3, 2020, 1, 7, '', '', 9, 61, NULL),
(792, '2020-03-02 00:00:00', 2, 1, 1, 3, 2020, 1, 1, '', '', 10, 62, NULL),
(793, '2020-03-03 00:00:00', 3, 1, 1, 3, 2020, 1, 2, '', '', 10, 63, NULL),
(794, '2020-03-04 00:00:00', 4, 1, 1, 3, 2020, 1, 3, '', '', 10, 64, NULL),
(795, '2020-03-05 00:00:00', 5, 1, 1, 3, 2020, 1, 4, '', '', 10, 65, NULL),
(796, '2020-03-06 00:00:00', 6, 1, 1, 3, 2020, 1, 5, '', '', 10, 66, NULL),
(797, '2020-03-07 00:00:00', 7, 0, 0, 3, 2020, 1, 6, '', '', 10, 67, NULL),
(798, '2020-03-08 00:00:00', 8, 0, 0, 3, 2020, 1, 7, 'Официальный праздничный день 8.3.2020 воскресенье', 'Официальный праздничный день 8.3.2020 воскресенье', 10, 68, NULL),
(799, '2020-03-09 00:00:00', 9, 0, 0, 3, 2020, 1, 1, 'Понедельник за праздничным днём 8.3.2020 воскресенье', 'Понедельник за праздничным днём 8.3.2020 воскресенье', 11, 69, NULL),
(800, '2020-03-10 00:00:00', 10, 1, 1, 3, 2020, 1, 2, '', '', 11, 70, NULL),
(801, '2020-03-11 00:00:00', 11, 1, 1, 3, 2020, 1, 3, '', '', 11, 71, NULL),
(802, '2020-03-12 00:00:00', 12, 1, 1, 3, 2020, 1, 4, '', '', 11, 72, NULL),
(803, '2020-03-13 00:00:00', 13, 1, 1, 3, 2020, 1, 5, '', '', 11, 73, NULL),
(804, '2020-03-14 00:00:00', 14, 0, 0, 3, 2020, 1, 6, '', '', 11, 74, NULL),
(805, '2020-03-15 00:00:00', 15, 0, 0, 3, 2020, 1, 7, '', '', 11, 75, NULL),
(806, '2020-03-16 00:00:00', 16, 1, 1, 3, 2020, 1, 1, '', '', 12, 76, NULL),
(807, '2020-03-17 00:00:00', 17, 1, 1, 3, 2020, 1, 2, '', '', 12, 77, NULL),
(808, '2020-03-18 00:00:00', 18, 1, 1, 3, 2020, 1, 3, '', '', 12, 78, NULL),
(809, '2020-03-19 00:00:00', 19, 1, 1, 3, 2020, 1, 4, '', '', 12, 79, NULL),
(810, '2020-03-20 00:00:00', 20, 1, 1, 3, 2020, 1, 5, '', '', 12, 80, NULL),
(811, '2020-03-21 00:00:00', 21, 0, 0, 3, 2020, 1, 6, '', '', 12, 81, NULL),
(812, '2020-03-22 00:00:00', 22, 0, 0, 3, 2020, 1, 7, '', '', 12, 82, NULL),
(813, '2020-03-23 00:00:00', 23, 1, 1, 3, 2020, 1, 1, '', '', 13, 83, NULL),
(814, '2020-03-24 00:00:00', 24, 1, 1, 3, 2020, 1, 2, '', '', 13, 84, NULL),
(815, '2020-03-25 00:00:00', 25, 1, 1, 3, 2020, 1, 3, '', '', 13, 85, NULL),
(816, '2020-03-26 00:00:00', 26, 1, 1, 3, 2020, 1, 4, '', '', 13, 86, NULL),
(817, '2020-03-27 00:00:00', 27, 1, 1, 3, 2020, 1, 5, '', '', 13, 87, NULL),
(818, '2020-03-28 00:00:00', 28, 0, 0, 3, 2020, 1, 6, '', '', 13, 88, NULL),
(819, '2020-03-29 00:00:00', 29, 0, 0, 3, 2020, 1, 7, '', '', 13, 89, NULL),
(820, '2020-03-30 00:00:00', 30, 1, 1, 3, 2020, 1, 1, '', '', 14, 90, NULL),
(821, '2020-03-31 00:00:00', 31, 1, 1, 3, 2020, 1, 2, '', '', 14, 91, NULL),
(822, '2020-04-01 00:00:00', 1, 1, 1, 4, 2020, 2, 3, '', '', 14, 92, NULL),
(823, '2020-04-02 00:00:00', 2, 1, 1, 4, 2020, 2, 4, '', '', 14, 93, NULL),
(824, '2020-04-03 00:00:00', 3, 1, 1, 4, 2020, 2, 5, '', '', 14, 94, NULL),
(825, '2020-04-04 00:00:00', 4, 0, 0, 4, 2020, 2, 6, '', '', 14, 95, NULL),
(826, '2020-04-05 00:00:00', 5, 0, 0, 4, 2020, 2, 7, '', '', 14, 96, NULL),
(827, '2020-04-06 00:00:00', 6, 1, 1, 4, 2020, 2, 1, '', '', 15, 97, NULL),
(828, '2020-04-07 00:00:00', 7, 1, 1, 4, 2020, 2, 2, '', '', 15, 98, NULL),
(829, '2020-04-08 00:00:00', 8, 1, 1, 4, 2020, 2, 3, '', '', 15, 99, NULL),
(830, '2020-04-09 00:00:00', 9, 1, 1, 4, 2020, 2, 4, '', '', 15, 100, NULL),
(831, '2020-04-10 00:00:00', 10, 1, 1, 4, 2020, 2, 5, '', '', 15, 101, NULL),
(832, '2020-04-11 00:00:00', 11, 0, 0, 4, 2020, 2, 6, '', '', 15, 102, NULL),
(833, '2020-04-12 00:00:00', 12, 0, 0, 4, 2020, 2, 7, '', '', 15, 103, NULL),
(834, '2020-04-13 00:00:00', 13, 1, 1, 4, 2020, 2, 1, '', '', 16, 104, NULL),
(835, '2020-04-14 00:00:00', 14, 1, 1, 4, 2020, 2, 2, '', '', 16, 105, NULL),
(836, '2020-04-15 00:00:00', 15, 1, 1, 4, 2020, 2, 3, '', '', 16, 106, NULL),
(837, '2020-04-16 00:00:00', 16, 1, 1, 4, 2020, 2, 4, '', '', 16, 107, NULL),
(838, '2020-04-17 00:00:00', 17, 1, 1, 4, 2020, 2, 5, '', '', 16, 108, NULL),
(839, '2020-04-18 00:00:00', 18, 0, 0, 4, 2020, 2, 6, '', '', 16, 109, NULL),
(840, '2020-04-19 00:00:00', 19, 0, 0, 4, 2020, 2, 7, '', '', 16, 110, NULL),
(841, '2020-04-20 00:00:00', 20, 1, 1, 4, 2020, 2, 1, '', '', 17, 111, NULL),
(842, '2020-04-21 00:00:00', 21, 1, 1, 4, 2020, 2, 2, '', '', 17, 112, NULL),
(843, '2020-04-22 00:00:00', 22, 1, 1, 4, 2020, 2, 3, '', '', 17, 113, NULL),
(844, '2020-04-23 00:00:00', 23, 1, 1, 4, 2020, 2, 4, '', '', 17, 114, NULL),
(845, '2020-04-24 00:00:00', 24, 1, 1, 4, 2020, 2, 5, '', '', 17, 115, NULL),
(846, '2020-04-25 00:00:00', 25, 0, 0, 4, 2020, 2, 6, '', '', 17, 116, NULL),
(847, '2020-04-26 00:00:00', 26, 0, 0, 4, 2020, 2, 7, '', '', 17, 117, NULL),
(848, '2020-04-27 00:00:00', 27, 1, 1, 4, 2020, 2, 1, '', '', 18, 118, NULL),
(849, '2020-04-28 00:00:00', 28, 1, 1, 4, 2020, 2, 2, '', '', 18, 119, NULL),
(850, '2020-04-29 00:00:00', 29, 1, 1, 4, 2020, 2, 3, '', '', 18, 120, NULL),
(851, '2020-04-30 00:00:00', 30, 1, 1, 4, 2020, 2, 4, '', '', 18, 121, NULL),
(852, '2020-05-01 00:00:00', 1, 0, 0, 5, 2020, 2, 5, 'Официальный праздничный день 1.5.2020', 'Официальный праздничный день 1.5.2020', 18, 122, NULL),
(853, '2020-05-02 00:00:00', 2, 0, 0, 5, 2020, 2, 6, '', '', 18, 123, NULL),
(854, '2020-05-03 00:00:00', 3, 0, 0, 5, 2020, 2, 7, '', '', 18, 124, NULL),
(855, '2020-05-04 00:00:00', 4, 1, 1, 5, 2020, 2, 1, '', '', 19, 125, NULL),
(856, '2020-05-05 00:00:00', 5, 1, 1, 5, 2020, 2, 2, '', '', 19, 126, NULL),
(857, '2020-05-06 00:00:00', 6, 1, 1, 5, 2020, 2, 3, '', '', 19, 127, NULL),
(858, '2020-05-07 00:00:00', 7, 1, 1, 5, 2020, 2, 4, '', '', 19, 128, NULL),
(859, '2020-05-08 00:00:00', 8, 1, 1, 5, 2020, 2, 5, '', '', 19, 129, NULL),
(860, '2020-05-09 00:00:00', 9, 0, 0, 5, 2020, 2, 6, 'Официальный праздничный день 9.5.2020 суббота', 'Официальный праздничный день 9.5.2020 суббота', 19, 130, NULL),
(861, '2020-05-10 00:00:00', 10, 0, 0, 5, 2020, 2, 7, '', '', 19, 131, NULL),
(862, '2020-05-11 00:00:00', 11, 0, 0, 5, 2020, 2, 1, 'Понедельник за праздничным днём 9.5.2020 суббота', 'Понедельник за праздничным днём 9.5.2020 суббота', 20, 132, NULL),
(863, '2020-05-12 00:00:00', 12, 1, 1, 5, 2020, 2, 2, '', '', 20, 133, NULL),
(864, '2020-05-13 00:00:00', 13, 1, 1, 5, 2020, 2, 3, '', '', 20, 134, NULL),
(865, '2020-05-14 00:00:00', 14, 1, 1, 5, 2020, 2, 4, '', '', 20, 135, NULL),
(866, '2020-05-15 00:00:00', 15, 1, 1, 5, 2020, 2, 5, '', '', 20, 136, NULL),
(867, '2020-05-16 00:00:00', 16, 0, 0, 5, 2020, 2, 6, '', '', 20, 137, NULL),
(868, '2020-05-17 00:00:00', 17, 0, 0, 5, 2020, 2, 7, '', '', 20, 138, NULL),
(869, '2020-05-18 00:00:00', 18, 1, 1, 5, 2020, 2, 1, '', '', 21, 139, NULL),
(870, '2020-05-19 00:00:00', 19, 1, 1, 5, 2020, 2, 2, '', '', 21, 140, NULL),
(871, '2020-05-20 00:00:00', 20, 1, 1, 5, 2020, 2, 3, '', '', 21, 141, NULL),
(872, '2020-05-21 00:00:00', 21, 1, 1, 5, 2020, 2, 4, '', '', 21, 142, NULL),
(873, '2020-05-22 00:00:00', 22, 1, 1, 5, 2020, 2, 5, '', '', 21, 143, NULL),
(874, '2020-05-23 00:00:00', 23, 0, 0, 5, 2020, 2, 6, '', '', 21, 144, NULL),
(875, '2020-05-24 00:00:00', 24, 0, 0, 5, 2020, 2, 7, '', '', 21, 145, NULL),
(876, '2020-05-25 00:00:00', 25, 1, 1, 5, 2020, 2, 1, '', '', 22, 146, NULL),
(877, '2020-05-26 00:00:00', 26, 1, 1, 5, 2020, 2, 2, '', '', 22, 147, NULL),
(878, '2020-05-27 00:00:00', 27, 1, 1, 5, 2020, 2, 3, '', '', 22, 148, NULL),
(879, '2020-05-28 00:00:00', 28, 1, 1, 5, 2020, 2, 4, '', '', 22, 149, NULL),
(880, '2020-05-29 00:00:00', 29, 1, 1, 5, 2020, 2, 5, '', '', 22, 150, NULL),
(881, '2020-05-30 00:00:00', 30, 0, 0, 5, 2020, 2, 6, '', '', 22, 151, NULL),
(882, '2020-05-31 00:00:00', 31, 0, 0, 5, 2020, 2, 7, '', '', 22, 152, NULL),
(883, '2020-06-01 00:00:00', 1, 1, 1, 6, 2020, 2, 1, '', '', 23, 153, NULL),
(884, '2020-06-02 00:00:00', 2, 1, 1, 6, 2020, 2, 2, '', '', 23, 154, NULL),
(885, '2020-06-03 00:00:00', 3, 1, 1, 6, 2020, 2, 3, '', '', 23, 155, NULL),
(886, '2020-06-04 00:00:00', 4, 1, 1, 6, 2020, 2, 4, '', '', 23, 156, NULL),
(887, '2020-06-05 00:00:00', 5, 1, 1, 6, 2020, 2, 5, '', '', 23, 157, NULL),
(888, '2020-06-06 00:00:00', 6, 0, 0, 6, 2020, 2, 6, '', '', 23, 158, NULL),
(889, '2020-06-07 00:00:00', 7, 0, 0, 6, 2020, 2, 7, '', '', 23, 159, NULL),
(890, '2020-06-08 00:00:00', 8, 1, 1, 6, 2020, 2, 1, '', '', 24, 160, NULL),
(891, '2020-06-09 00:00:00', 9, 1, 1, 6, 2020, 2, 2, '', '', 24, 161, NULL),
(892, '2020-06-10 00:00:00', 10, 1, 1, 6, 2020, 2, 3, '', '', 24, 162, NULL),
(893, '2020-06-11 00:00:00', 11, 1, 1, 6, 2020, 2, 4, '', '', 24, 163, NULL),
(894, '2020-06-12 00:00:00', 12, 1, 1, 6, 2020, 2, 5, '', '', 24, 164, NULL),
(895, '2020-06-13 00:00:00', 13, 0, 0, 6, 2020, 2, 6, '', '', 24, 165, NULL),
(896, '2020-06-14 00:00:00', 14, 0, 0, 6, 2020, 2, 7, '', '', 24, 166, NULL),
(897, '2020-06-15 00:00:00', 15, 1, 1, 6, 2020, 2, 1, '', '', 25, 167, NULL),
(898, '2020-06-16 00:00:00', 16, 1, 1, 6, 2020, 2, 2, '', '', 25, 168, NULL),
(899, '2020-06-17 00:00:00', 17, 1, 1, 6, 2020, 2, 3, '', '', 25, 169, NULL),
(900, '2020-06-18 00:00:00', 18, 1, 1, 6, 2020, 2, 4, '', '', 25, 170, NULL),
(901, '2020-06-19 00:00:00', 19, 1, 1, 6, 2020, 2, 5, '', '', 25, 171, NULL),
(902, '2020-06-20 00:00:00', 20, 0, 0, 6, 2020, 2, 6, '', '', 25, 172, NULL),
(903, '2020-06-21 00:00:00', 21, 0, 0, 6, 2020, 2, 7, '', '', 25, 173, NULL),
(904, '2020-06-22 00:00:00', 22, 1, 1, 6, 2020, 2, 1, '', '', 26, 174, NULL),
(905, '2020-06-23 00:00:00', 23, 1, 1, 6, 2020, 2, 2, '', '', 26, 175, NULL),
(906, '2020-06-24 00:00:00', 24, 1, 1, 6, 2020, 2, 3, '', '', 26, 176, NULL),
(907, '2020-06-25 00:00:00', 25, 1, 1, 6, 2020, 2, 4, '', '', 26, 177, NULL),
(908, '2020-06-26 00:00:00', 26, 1, 1, 6, 2020, 2, 5, '', '', 26, 178, NULL),
(909, '2020-06-27 00:00:00', 27, 0, 0, 6, 2020, 2, 6, '', '', 26, 179, NULL),
(910, '2020-06-28 00:00:00', 28, 0, 0, 6, 2020, 2, 7, '', '', 26, 180, NULL),
(911, '2020-06-29 00:00:00', 29, 1, 1, 6, 2020, 2, 1, '', '', 27, 181, NULL),
(912, '2020-06-30 00:00:00', 30, 1, 1, 6, 2020, 2, 2, '', '', 27, 182, NULL),
(913, '2020-07-01 00:00:00', 1, 1, 1, 7, 2020, 3, 3, '', '', 27, 183, NULL),
(914, '2020-07-02 00:00:00', 2, 1, 1, 7, 2020, 3, 4, '', '', 27, 184, NULL),
(915, '2020-07-03 00:00:00', 3, 1, 1, 7, 2020, 3, 5, '', '', 27, 185, NULL),
(916, '2020-07-04 00:00:00', 4, 0, 0, 7, 2020, 3, 6, '', '', 27, 186, NULL),
(917, '2020-07-05 00:00:00', 5, 0, 0, 7, 2020, 3, 7, '', '', 27, 187, NULL),
(918, '2020-07-06 00:00:00', 6, 1, 1, 7, 2020, 3, 1, '', '', 28, 188, NULL),
(919, '2020-07-07 00:00:00', 7, 1, 1, 7, 2020, 3, 2, '', '', 28, 189, NULL),
(920, '2020-07-08 00:00:00', 8, 1, 1, 7, 2020, 3, 3, '', '', 28, 190, NULL),
(921, '2020-07-09 00:00:00', 9, 1, 1, 7, 2020, 3, 4, '', '', 28, 191, NULL),
(922, '2020-07-10 00:00:00', 10, 1, 1, 7, 2020, 3, 5, '', '', 28, 192, NULL),
(923, '2020-07-11 00:00:00', 11, 0, 0, 7, 2020, 3, 6, '', '', 28, 193, NULL),
(924, '2020-07-12 00:00:00', 12, 0, 0, 7, 2020, 3, 7, '', '', 28, 194, NULL),
(925, '2020-07-13 00:00:00', 13, 1, 1, 7, 2020, 3, 1, '', '', 29, 195, NULL),
(926, '2020-07-14 00:00:00', 14, 1, 1, 7, 2020, 3, 2, '', '', 29, 196, NULL),
(927, '2020-07-15 00:00:00', 15, 1, 1, 7, 2020, 3, 3, '', '', 29, 197, NULL),
(928, '2020-07-16 00:00:00', 16, 1, 1, 7, 2020, 3, 4, '', '', 29, 198, NULL),
(929, '2020-07-17 00:00:00', 17, 1, 1, 7, 2020, 3, 5, '', '', 29, 199, NULL),
(930, '2020-07-18 00:00:00', 18, 0, 0, 7, 2020, 3, 6, '', '', 29, 200, NULL),
(931, '2020-07-19 00:00:00', 19, 0, 0, 7, 2020, 3, 7, '', '', 29, 201, NULL),
(932, '2020-07-20 00:00:00', 20, 1, 1, 7, 2020, 3, 1, '', '', 30, 202, NULL),
(933, '2020-07-21 00:00:00', 21, 1, 1, 7, 2020, 3, 2, '', '', 30, 203, NULL),
(934, '2020-07-22 00:00:00', 22, 1, 1, 7, 2020, 3, 3, '', '', 30, 204, NULL),
(935, '2020-07-23 00:00:00', 23, 1, 1, 7, 2020, 3, 4, '', '', 30, 205, NULL),
(936, '2020-07-24 00:00:00', 24, 1, 1, 7, 2020, 3, 5, '', '', 30, 206, NULL),
(937, '2020-07-25 00:00:00', 25, 0, 0, 7, 2020, 3, 6, '', '', 30, 207, NULL),
(938, '2020-07-26 00:00:00', 26, 0, 0, 7, 2020, 3, 7, '', '', 30, 208, NULL),
(939, '2020-07-27 00:00:00', 27, 1, 1, 7, 2020, 3, 1, '', '', 31, 209, NULL),
(940, '2020-07-28 00:00:00', 28, 1, 1, 7, 2020, 3, 2, '', '', 31, 210, NULL),
(941, '2020-07-29 00:00:00', 29, 1, 1, 7, 2020, 3, 3, '', '', 31, 211, NULL),
(942, '2020-07-30 00:00:00', 30, 1, 1, 7, 2020, 3, 4, '', '', 31, 212, NULL),
(943, '2020-07-31 00:00:00', 31, 1, 1, 7, 2020, 3, 5, '', '', 31, 213, NULL),
(944, '2020-08-01 00:00:00', 1, 0, 0, 8, 2020, 3, 6, '', '', 31, 214, NULL),
(945, '2020-08-02 00:00:00', 2, 0, 0, 8, 2020, 3, 7, '', '', 31, 215, NULL),
(946, '2020-08-03 00:00:00', 3, 1, 1, 8, 2020, 3, 1, '', '', 32, 216, NULL),
(947, '2020-08-04 00:00:00', 4, 1, 1, 8, 2020, 3, 2, '', '', 32, 217, NULL),
(948, '2020-08-05 00:00:00', 5, 1, 1, 8, 2020, 3, 3, '', '', 32, 218, NULL),
(949, '2020-08-06 00:00:00', 6, 1, 1, 8, 2020, 3, 4, '', '', 32, 219, NULL),
(950, '2020-08-07 00:00:00', 7, 1, 1, 8, 2020, 3, 5, '', '', 32, 220, NULL),
(951, '2020-08-08 00:00:00', 8, 0, 0, 8, 2020, 3, 6, '', '', 32, 221, NULL),
(952, '2020-08-09 00:00:00', 9, 0, 0, 8, 2020, 3, 7, '', '', 32, 222, NULL),
(953, '2020-08-10 00:00:00', 10, 1, 1, 8, 2020, 3, 1, '', '', 33, 223, NULL),
(954, '2020-08-11 00:00:00', 11, 1, 1, 8, 2020, 3, 2, '', '', 33, 224, NULL),
(955, '2020-08-12 00:00:00', 12, 1, 1, 8, 2020, 3, 3, '', '', 33, 225, NULL),
(956, '2020-08-13 00:00:00', 13, 1, 1, 8, 2020, 3, 4, '', '', 33, 226, NULL),
(957, '2020-08-14 00:00:00', 14, 1, 1, 8, 2020, 3, 5, '', '', 33, 227, NULL),
(958, '2020-08-15 00:00:00', 15, 0, 0, 8, 2020, 3, 6, '', '', 33, 228, NULL),
(959, '2020-08-16 00:00:00', 16, 0, 0, 8, 2020, 3, 7, '', '', 33, 229, NULL),
(960, '2020-08-17 00:00:00', 17, 1, 1, 8, 2020, 3, 1, '', '', 34, 230, NULL),
(961, '2020-08-18 00:00:00', 18, 1, 1, 8, 2020, 3, 2, '', '', 34, 231, NULL),
(962, '2020-08-19 00:00:00', 19, 1, 1, 8, 2020, 3, 3, '', '', 34, 232, NULL),
(963, '2020-08-20 00:00:00', 20, 1, 1, 8, 2020, 3, 4, '', '', 34, 233, NULL),
(964, '2020-08-21 00:00:00', 21, 1, 1, 8, 2020, 3, 5, '', '', 34, 234, NULL),
(965, '2020-08-22 00:00:00', 22, 0, 0, 8, 2020, 3, 6, '', '', 34, 235, NULL),
(966, '2020-08-23 00:00:00', 23, 0, 0, 8, 2020, 3, 7, '', '', 34, 236, NULL),
(967, '2020-08-24 00:00:00', 24, 1, 1, 8, 2020, 3, 1, '', '', 35, 237, NULL),
(968, '2020-08-25 00:00:00', 25, 1, 1, 8, 2020, 3, 2, '', '', 35, 238, NULL),
(969, '2020-08-26 00:00:00', 26, 1, 1, 8, 2020, 3, 3, '', '', 35, 239, NULL),
(970, '2020-08-27 00:00:00', 27, 1, 1, 8, 2020, 3, 4, '', '', 35, 240, NULL),
(971, '2020-08-28 00:00:00', 28, 1, 1, 8, 2020, 3, 5, '', '', 35, 241, NULL),
(972, '2020-08-29 00:00:00', 29, 0, 0, 8, 2020, 3, 6, '', '', 35, 242, NULL),
(973, '2020-08-30 00:00:00', 30, 0, 0, 8, 2020, 3, 7, '', '', 35, 243, NULL),
(974, '2020-08-31 00:00:00', 31, 1, 1, 8, 2020, 3, 1, '', '', 36, 244, NULL),
(975, '2020-09-01 00:00:00', 1, 1, 1, 9, 2020, 3, 2, '', '', 36, 245, NULL),
(976, '2020-09-02 00:00:00', 2, 1, 1, 9, 2020, 3, 3, '', '', 36, 246, NULL),
(977, '2020-09-03 00:00:00', 3, 1, 1, 9, 2020, 3, 4, '', '', 36, 247, NULL),
(978, '2020-09-04 00:00:00', 4, 1, 1, 9, 2020, 3, 5, '', '', 36, 248, NULL),
(979, '2020-09-05 00:00:00', 5, 0, 0, 9, 2020, 3, 6, '', '', 36, 249, NULL),
(980, '2020-09-06 00:00:00', 6, 0, 0, 9, 2020, 3, 7, '', '', 36, 250, NULL),
(981, '2020-09-07 00:00:00', 7, 1, 1, 9, 2020, 3, 1, '', '', 37, 251, NULL),
(982, '2020-09-08 00:00:00', 8, 1, 1, 9, 2020, 3, 2, '', '', 37, 252, NULL),
(983, '2020-09-09 00:00:00', 9, 1, 1, 9, 2020, 3, 3, '', '', 37, 253, NULL),
(984, '2020-09-10 00:00:00', 10, 1, 1, 9, 2020, 3, 4, '', '', 37, 254, NULL),
(985, '2020-09-11 00:00:00', 11, 1, 1, 9, 2020, 3, 5, '', '', 37, 255, NULL),
(986, '2020-09-12 00:00:00', 12, 0, 0, 9, 2020, 3, 6, '', '', 37, 256, NULL),
(987, '2020-09-13 00:00:00', 13, 0, 0, 9, 2020, 3, 7, '', '', 37, 257, NULL),
(988, '2020-09-14 00:00:00', 14, 1, 1, 9, 2020, 3, 1, '', '', 38, 258, NULL),
(989, '2020-09-15 00:00:00', 15, 1, 1, 9, 2020, 3, 2, '', '', 38, 259, NULL),
(990, '2020-09-16 00:00:00', 16, 1, 1, 9, 2020, 3, 3, '', '', 38, 260, NULL),
(991, '2020-09-17 00:00:00', 17, 1, 1, 9, 2020, 3, 4, '', '', 38, 261, NULL),
(992, '2020-09-18 00:00:00', 18, 1, 1, 9, 2020, 3, 5, '', '', 38, 262, NULL),
(993, '2020-09-19 00:00:00', 19, 0, 0, 9, 2020, 3, 6, '', '', 38, 263, NULL),
(994, '2020-09-20 00:00:00', 20, 0, 0, 9, 2020, 3, 7, '', '', 38, 264, NULL),
(995, '2020-09-21 00:00:00', 21, 1, 1, 9, 2020, 3, 1, '', '', 39, 265, NULL),
(996, '2020-09-22 00:00:00', 22, 1, 1, 9, 2020, 3, 2, '', '', 39, 266, NULL),
(997, '2020-09-23 00:00:00', 23, 1, 1, 9, 2020, 3, 3, '', '', 39, 267, NULL),
(998, '2020-09-24 00:00:00', 24, 1, 1, 9, 2020, 3, 4, '', '', 39, 268, NULL),
(999, '2020-09-25 00:00:00', 25, 1, 1, 9, 2020, 3, 5, '', '', 39, 269, NULL),
(1000, '2020-09-26 00:00:00', 26, 0, 0, 9, 2020, 3, 6, '', '', 39, 270, NULL),
(1001, '2020-09-27 00:00:00', 27, 0, 0, 9, 2020, 3, 7, '', '', 39, 271, NULL),
(1002, '2020-09-28 00:00:00', 28, 1, 1, 9, 2020, 3, 1, '', '', 40, 272, NULL),
(1003, '2020-09-29 00:00:00', 29, 1, 1, 9, 2020, 3, 2, '', '', 40, 273, NULL),
(1004, '2020-09-30 00:00:00', 30, 1, 1, 9, 2020, 3, 3, '', '', 40, 274, NULL),
(1005, '2020-10-01 00:00:00', 1, 1, 1, 10, 2020, 4, 4, '', '', 40, 275, NULL),
(1006, '2020-10-02 00:00:00', 2, 1, 1, 10, 2020, 4, 5, '', '', 40, 276, NULL),
(1007, '2020-10-03 00:00:00', 3, 0, 0, 10, 2020, 4, 6, '', '', 40, 277, NULL),
(1008, '2020-10-04 00:00:00', 4, 0, 0, 10, 2020, 4, 7, '', '', 40, 278, NULL),
(1009, '2020-10-05 00:00:00', 5, 1, 1, 10, 2020, 4, 1, '', '', 41, 279, NULL),
(1010, '2020-10-06 00:00:00', 6, 1, 1, 10, 2020, 4, 2, '', '', 41, 280, NULL),
(1011, '2020-10-07 00:00:00', 7, 1, 1, 10, 2020, 4, 3, '', '', 41, 281, NULL),
(1012, '2020-10-08 00:00:00', 8, 1, 1, 10, 2020, 4, 4, '', '', 41, 282, NULL),
(1013, '2020-10-09 00:00:00', 9, 1, 1, 10, 2020, 4, 5, '', '', 41, 283, NULL),
(1014, '2020-10-10 00:00:00', 10, 0, 0, 10, 2020, 4, 6, '', '', 41, 284, NULL),
(1015, '2020-10-11 00:00:00', 11, 0, 0, 10, 2020, 4, 7, '', '', 41, 285, NULL),
(1016, '2020-10-12 00:00:00', 12, 1, 1, 10, 2020, 4, 1, '', '', 42, 286, NULL),
(1017, '2020-10-13 00:00:00', 13, 1, 1, 10, 2020, 4, 2, '', '', 42, 287, NULL),
(1018, '2020-10-14 00:00:00', 14, 0, 0, 10, 2020, 4, 3, 'Официальный праздничный день 14.10.2020', 'Официальный праздничный день 14.10.2020', 42, 288, NULL),
(1019, '2020-10-15 00:00:00', 15, 1, 1, 10, 2020, 4, 4, '', '', 42, 289, NULL),
(1020, '2020-10-16 00:00:00', 16, 1, 1, 10, 2020, 4, 5, '', '', 42, 290, NULL),
(1021, '2020-10-17 00:00:00', 17, 0, 0, 10, 2020, 4, 6, '', '', 42, 291, NULL),
(1022, '2020-10-18 00:00:00', 18, 0, 0, 10, 2020, 4, 7, '', '', 42, 292, NULL),
(1023, '2020-10-19 00:00:00', 19, 1, 1, 10, 2020, 4, 1, '', '', 43, 293, NULL),
(1024, '2020-10-20 00:00:00', 20, 1, 1, 10, 2020, 4, 2, '', '', 43, 294, NULL),
(1025, '2020-10-21 00:00:00', 21, 1, 1, 10, 2020, 4, 3, '', '', 43, 295, NULL),
(1026, '2020-10-22 00:00:00', 22, 1, 1, 10, 2020, 4, 4, '', '', 43, 296, NULL),
(1027, '2020-10-23 00:00:00', 23, 1, 1, 10, 2020, 4, 5, '', '', 43, 297, NULL),
(1028, '2020-10-24 00:00:00', 24, 0, 0, 10, 2020, 4, 6, '', '', 43, 298, NULL),
(1029, '2020-10-25 00:00:00', 25, 0, 0, 10, 2020, 4, 7, '', '', 43, 299, NULL),
(1030, '2020-10-26 00:00:00', 26, 1, 1, 10, 2020, 4, 1, '', '', 44, 300, NULL),
(1031, '2020-10-27 00:00:00', 27, 1, 1, 10, 2020, 4, 2, '', '', 44, 301, NULL),
(1032, '2020-10-28 00:00:00', 28, 1, 1, 10, 2020, 4, 3, '', '', 44, 302, NULL),
(1033, '2020-10-29 00:00:00', 29, 1, 1, 10, 2020, 4, 4, '', '', 44, 303, NULL),
(1034, '2020-10-30 00:00:00', 30, 1, 1, 10, 2020, 4, 5, '', '', 44, 304, NULL),
(1035, '2020-10-31 00:00:00', 31, 0, 0, 10, 2020, 4, 6, '', '', 44, 305, NULL),
(1036, '2020-11-01 00:00:00', 1, 0, 0, 11, 2020, 4, 7, '', '', 44, 306, NULL),
(1037, '2020-11-02 00:00:00', 2, 1, 1, 11, 2020, 4, 1, '', '', 45, 307, NULL),
(1038, '2020-11-03 00:00:00', 3, 1, 1, 11, 2020, 4, 2, '', '', 45, 308, NULL),
(1039, '2020-11-04 00:00:00', 4, 1, 1, 11, 2020, 4, 3, '', '', 45, 309, NULL),
(1040, '2020-11-05 00:00:00', 5, 1, 1, 11, 2020, 4, 4, '', '', 45, 310, NULL),
(1041, '2020-11-06 00:00:00', 6, 1, 1, 11, 2020, 4, 5, '', '', 45, 311, NULL),
(1042, '2020-11-07 00:00:00', 7, 0, 0, 11, 2020, 4, 6, '', '', 45, 312, NULL),
(1043, '2020-11-08 00:00:00', 8, 0, 0, 11, 2020, 4, 7, '', '', 45, 313, NULL),
(1044, '2020-11-09 00:00:00', 9, 1, 1, 11, 2020, 4, 1, '', '', 46, 314, NULL),
(1045, '2020-11-10 00:00:00', 10, 1, 1, 11, 2020, 4, 2, '', '', 46, 315, NULL),
(1046, '2020-11-11 00:00:00', 11, 1, 1, 11, 2020, 4, 3, '', '', 46, 316, NULL),
(1047, '2020-11-12 00:00:00', 12, 1, 1, 11, 2020, 4, 4, '', '', 46, 317, NULL),
(1048, '2020-11-13 00:00:00', 13, 1, 1, 11, 2020, 4, 5, '', '', 46, 318, NULL),
(1049, '2020-11-14 00:00:00', 14, 0, 0, 11, 2020, 4, 6, '', '', 46, 319, NULL),
(1050, '2020-11-15 00:00:00', 15, 0, 0, 11, 2020, 4, 7, '', '', 46, 320, NULL),
(1051, '2020-11-16 00:00:00', 16, 1, 1, 11, 2020, 4, 1, '', '', 47, 321, NULL),
(1052, '2020-11-17 00:00:00', 17, 1, 1, 11, 2020, 4, 2, '', '', 47, 322, NULL),
(1053, '2020-11-18 00:00:00', 18, 1, 1, 11, 2020, 4, 3, '', '', 47, 323, NULL),
(1054, '2020-11-19 00:00:00', 19, 1, 1, 11, 2020, 4, 4, '', '', 47, 324, NULL),
(1055, '2020-11-20 00:00:00', 20, 1, 1, 11, 2020, 4, 5, '', '', 47, 325, NULL),
(1056, '2020-11-21 00:00:00', 21, 0, 0, 11, 2020, 4, 6, '', '', 47, 326, NULL),
(1057, '2020-11-22 00:00:00', 22, 0, 0, 11, 2020, 4, 7, '', '', 47, 327, NULL),
(1058, '2020-11-23 00:00:00', 23, 1, 1, 11, 2020, 4, 1, '', '', 48, 328, NULL),
(1059, '2020-11-24 00:00:00', 24, 1, 1, 11, 2020, 4, 2, '', '', 48, 329, NULL),
(1060, '2020-11-25 00:00:00', 25, 1, 1, 11, 2020, 4, 3, '', '', 48, 330, NULL),
(1061, '2020-11-26 00:00:00', 26, 1, 1, 11, 2020, 4, 4, '', '', 48, 331, NULL),
(1062, '2020-11-27 00:00:00', 27, 1, 1, 11, 2020, 4, 5, '', '', 48, 332, NULL),
(1063, '2020-11-28 00:00:00', 28, 0, 0, 11, 2020, 4, 6, '', '', 48, 333, NULL),
(1064, '2020-11-29 00:00:00', 29, 0, 0, 11, 2020, 4, 7, '', '', 48, 334, NULL),
(1065, '2020-11-30 00:00:00', 30, 1, 1, 11, 2020, 4, 1, '', '', 49, 335, NULL),
(1066, '2020-12-01 00:00:00', 1, 1, 1, 12, 2020, 4, 2, '', '', 49, 336, NULL),
(1067, '2020-12-02 00:00:00', 2, 1, 1, 12, 2020, 4, 3, '', '', 49, 337, NULL),
(1068, '2020-12-03 00:00:00', 3, 1, 1, 12, 2020, 4, 4, '', '', 49, 338, NULL),
(1069, '2020-12-04 00:00:00', 4, 1, 1, 12, 2020, 4, 5, '', '', 49, 339, NULL),
(1070, '2020-12-05 00:00:00', 5, 0, 0, 12, 2020, 4, 6, '', '', 49, 340, NULL),
(1071, '2020-12-06 00:00:00', 6, 0, 0, 12, 2020, 4, 7, '', '', 49, 341, NULL),
(1072, '2020-12-07 00:00:00', 7, 1, 1, 12, 2020, 4, 1, '', '', 50, 342, NULL),
(1073, '2020-12-08 00:00:00', 8, 1, 1, 12, 2020, 4, 2, '', '', 50, 343, NULL),
(1074, '2020-12-09 00:00:00', 9, 1, 1, 12, 2020, 4, 3, '', '', 50, 344, NULL),
(1075, '2020-12-10 00:00:00', 10, 1, 1, 12, 2020, 4, 4, '', '', 50, 345, NULL),
(1076, '2020-12-11 00:00:00', 11, 1, 1, 12, 2020, 4, 5, '', '', 50, 346, NULL),
(1077, '2020-12-12 00:00:00', 12, 0, 0, 12, 2020, 4, 6, '', '', 50, 347, NULL),
(1078, '2020-12-13 00:00:00', 13, 0, 0, 12, 2020, 4, 7, '', '', 50, 348, NULL),
(1079, '2020-12-14 00:00:00', 14, 1, 1, 12, 2020, 4, 1, '', '', 51, 349, NULL),
(1080, '2020-12-15 00:00:00', 15, 1, 1, 12, 2020, 4, 2, '', '', 51, 350, NULL),
(1081, '2020-12-16 00:00:00', 16, 1, 1, 12, 2020, 4, 3, '', '', 51, 351, NULL),
(1082, '2020-12-17 00:00:00', 17, 1, 1, 12, 2020, 4, 4, '', '', 51, 352, NULL),
(1083, '2020-12-18 00:00:00', 18, 1, 1, 12, 2020, 4, 5, '', '', 51, 353, NULL),
(1084, '2020-12-19 00:00:00', 19, 0, 0, 12, 2020, 4, 6, '', '', 51, 354, NULL),
(1085, '2020-12-20 00:00:00', 20, 0, 0, 12, 2020, 4, 7, '', '', 51, 355, NULL),
(1086, '2020-12-21 00:00:00', 21, 1, 1, 12, 2020, 4, 1, '', '', 52, 356, NULL),
(1087, '2020-12-22 00:00:00', 22, 1, 1, 12, 2020, 4, 2, '', '', 52, 357, NULL),
(1088, '2020-12-23 00:00:00', 23, 1, 1, 12, 2020, 4, 3, '', '', 52, 358, NULL),
(1089, '2020-12-24 00:00:00', 24, 1, 1, 12, 2020, 4, 4, '', '', 52, 359, NULL),
(1090, '2020-12-25 00:00:00', 25, 0, 0, 12, 2020, 4, 5, 'Официальный праздничный день 25.12.2020', 'Официальный праздничный день 25.12.2020', 52, 360, NULL),
(1091, '2020-12-26 00:00:00', 26, 0, 0, 12, 2020, 4, 6, '', '', 52, 361, NULL),
(1092, '2020-12-27 00:00:00', 27, 0, 0, 12, 2020, 4, 7, '', '', 52, 362, NULL),
(1093, '2020-12-28 00:00:00', 28, 1, 1, 12, 2020, 4, 1, '', '', 53, 363, NULL),
(1094, '2020-12-29 00:00:00', 29, 1, 1, 12, 2020, 4, 2, '', '', 53, 364, NULL),
(1095, '2020-12-30 00:00:00', 30, 1, 1, 12, 2020, 4, 3, '', '', 53, 365, NULL),
(1096, '2020-12-31 00:00:00', 31, 1, 1, 12, 2020, 4, 4, '', '', 53, 366, NULL),
(1097, '2021-01-01 00:00:00', 1, 0, 0, 1, 2021, 1, 5, 'Официальный праздничный день 1.1.2021', 'Официальный праздничный день 1.1.2021', 1, 1, NULL),
(1098, '2021-01-02 00:00:00', 2, 0, 0, 1, 2021, 1, 6, '', '', 1, 2, NULL),
(1099, '2021-01-03 00:00:00', 3, 0, 0, 1, 2021, 1, 7, '', '', 1, 3, NULL),
(1100, '2021-01-04 00:00:00', 4, 1, 1, 1, 2021, 1, 1, '', '', 2, 4, NULL),
(1101, '2021-01-05 00:00:00', 5, 1, 1, 1, 2021, 1, 2, '', '', 2, 5, NULL),
(1102, '2021-01-06 00:00:00', 6, 1, 1, 1, 2021, 1, 3, '', '', 2, 6, NULL),
(1103, '2021-01-07 00:00:00', 7, 0, 0, 1, 2021, 1, 4, 'Официальный праздничный день 7.1.2021', 'Официальный праздничный день 7.1.2021', 2, 7, NULL),
(1104, '2021-01-08 00:00:00', 8, 1, 1, 1, 2021, 1, 5, '', '', 2, 8, NULL),
(1105, '2021-01-09 00:00:00', 9, 0, 0, 1, 2021, 1, 6, '', '', 2, 9, NULL),
(1106, '2021-01-10 00:00:00', 10, 0, 0, 1, 2021, 1, 7, '', '', 2, 10, NULL),
(1107, '2021-01-11 00:00:00', 11, 1, 1, 1, 2021, 1, 1, '', '', 3, 11, NULL),
(1108, '2021-01-12 00:00:00', 12, 1, 1, 1, 2021, 1, 2, '', '', 3, 12, NULL),
(1109, '2021-01-13 00:00:00', 13, 1, 1, 1, 2021, 1, 3, '', '', 3, 13, NULL),
(1110, '2021-01-14 00:00:00', 14, 1, 1, 1, 2021, 1, 4, '', '', 3, 14, NULL),
(1111, '2021-01-15 00:00:00', 15, 1, 1, 1, 2021, 1, 5, '', '', 3, 15, NULL),
(1112, '2021-01-16 00:00:00', 16, 0, 0, 1, 2021, 1, 6, '', '', 3, 16, NULL),
(1113, '2021-01-17 00:00:00', 17, 0, 0, 1, 2021, 1, 7, '', '', 3, 17, NULL),
(1114, '2021-01-18 00:00:00', 18, 1, 1, 1, 2021, 1, 1, '', '', 4, 18, NULL),
(1115, '2021-01-19 00:00:00', 19, 1, 1, 1, 2021, 1, 2, '', '', 4, 19, NULL),
(1116, '2021-01-20 00:00:00', 20, 1, 1, 1, 2021, 1, 3, '', '', 4, 20, NULL),
(1117, '2021-01-21 00:00:00', 21, 1, 1, 1, 2021, 1, 4, '', '', 4, 21, NULL),
(1118, '2021-01-22 00:00:00', 22, 1, 1, 1, 2021, 1, 5, '', '', 4, 22, NULL),
(1119, '2021-01-23 00:00:00', 23, 0, 0, 1, 2021, 1, 6, '', '', 4, 23, NULL),
(1120, '2021-01-24 00:00:00', 24, 0, 0, 1, 2021, 1, 7, '', '', 4, 24, NULL),
(1121, '2021-01-25 00:00:00', 25, 1, 1, 1, 2021, 1, 1, '', '', 5, 25, NULL),
(1122, '2021-01-26 00:00:00', 26, 1, 1, 1, 2021, 1, 2, '', '', 5, 26, NULL),
(1123, '2021-01-27 00:00:00', 27, 1, 1, 1, 2021, 1, 3, '', '', 5, 27, NULL),
(1124, '2021-01-28 00:00:00', 28, 1, 1, 1, 2021, 1, 4, '', '', 5, 28, NULL),
(1125, '2021-01-29 00:00:00', 29, 1, 1, 1, 2021, 1, 5, '', '', 5, 29, NULL),
(1126, '2021-01-30 00:00:00', 30, 0, 0, 1, 2021, 1, 6, '', '', 5, 30, NULL),
(1127, '2021-01-31 00:00:00', 31, 0, 0, 1, 2021, 1, 7, '', '', 5, 31, NULL),
(1128, '2021-02-01 00:00:00', 1, 1, 1, 2, 2021, 1, 1, '', '', 6, 32, NULL),
(1129, '2021-02-02 00:00:00', 2, 1, 1, 2, 2021, 1, 2, '', '', 6, 33, NULL),
(1130, '2021-02-03 00:00:00', 3, 1, 1, 2, 2021, 1, 3, '', '', 6, 34, NULL),
(1131, '2021-02-04 00:00:00', 4, 1, 1, 2, 2021, 1, 4, '', '', 6, 35, NULL),
(1132, '2021-02-05 00:00:00', 5, 1, 1, 2, 2021, 1, 5, '', '', 6, 36, NULL),
(1133, '2021-02-06 00:00:00', 6, 0, 0, 2, 2021, 1, 6, '', '', 6, 37, NULL),
(1134, '2021-02-07 00:00:00', 7, 0, 0, 2, 2021, 1, 7, '', '', 6, 38, NULL),
(1135, '2021-02-08 00:00:00', 8, 1, 1, 2, 2021, 1, 1, '', '', 7, 39, NULL),
(1136, '2021-02-09 00:00:00', 9, 1, 1, 2, 2021, 1, 2, '', '', 7, 40, NULL),
(1137, '2021-02-10 00:00:00', 10, 1, 1, 2, 2021, 1, 3, '', '', 7, 41, NULL),
(1138, '2021-02-11 00:00:00', 11, 1, 1, 2, 2021, 1, 4, '', '', 7, 42, NULL),
(1139, '2021-02-12 00:00:00', 12, 1, 1, 2, 2021, 1, 5, '', '', 7, 43, NULL),
(1140, '2021-02-13 00:00:00', 13, 0, 0, 2, 2021, 1, 6, '', '', 7, 44, NULL),
(1141, '2021-02-14 00:00:00', 14, 0, 0, 2, 2021, 1, 7, '', '', 7, 45, NULL),
(1142, '2021-02-15 00:00:00', 15, 1, 1, 2, 2021, 1, 1, '', '', 8, 46, NULL),
(1143, '2021-02-16 00:00:00', 16, 1, 1, 2, 2021, 1, 2, '', '', 8, 47, NULL),
(1144, '2021-02-17 00:00:00', 17, 1, 1, 2, 2021, 1, 3, '', '', 8, 48, NULL),
(1145, '2021-02-18 00:00:00', 18, 1, 1, 2, 2021, 1, 4, '', '', 8, 49, NULL),
(1146, '2021-02-19 00:00:00', 19, 1, 1, 2, 2021, 1, 5, '', '', 8, 50, NULL),
(1147, '2021-02-20 00:00:00', 20, 0, 0, 2, 2021, 1, 6, '', '', 8, 51, NULL),
(1148, '2021-02-21 00:00:00', 21, 0, 0, 2, 2021, 1, 7, '', '', 8, 52, NULL),
(1149, '2021-02-22 00:00:00', 22, 1, 1, 2, 2021, 1, 1, '', '', 9, 53, NULL),
(1150, '2021-02-23 00:00:00', 23, 1, 1, 2, 2021, 1, 2, '', '', 9, 54, NULL),
(1151, '2021-02-24 00:00:00', 24, 1, 1, 2, 2021, 1, 3, '', '', 9, 55, NULL),
(1152, '2021-02-25 00:00:00', 25, 1, 1, 2, 2021, 1, 4, '', '', 9, 56, NULL),
(1153, '2021-02-26 00:00:00', 26, 1, 1, 2, 2021, 1, 5, '', '', 9, 57, NULL),
(1154, '2021-02-27 00:00:00', 27, 0, 0, 2, 2021, 1, 6, '', '', 9, 58, NULL),
(1155, '2021-02-28 00:00:00', 28, 0, 0, 2, 2021, 1, 7, '', '', 9, 59, NULL),
(1156, '2021-03-01 00:00:00', 1, 1, 1, 3, 2021, 1, 1, '', '', 10, 60, NULL),
(1157, '2021-03-02 00:00:00', 2, 1, 1, 3, 2021, 1, 2, '', '', 10, 61, NULL),
(1158, '2021-03-03 00:00:00', 3, 1, 1, 3, 2021, 1, 3, '', '', 10, 62, NULL),
(1159, '2021-03-04 00:00:00', 4, 1, 1, 3, 2021, 1, 4, '', '', 10, 63, NULL),
(1160, '2021-03-05 00:00:00', 5, 1, 1, 3, 2021, 1, 5, '', '', 10, 64, NULL),
(1161, '2021-03-06 00:00:00', 6, 0, 0, 3, 2021, 1, 6, '', '', 10, 65, NULL),
(1162, '2021-03-07 00:00:00', 7, 0, 0, 3, 2021, 1, 7, '', '', 10, 66, NULL),
(1163, '2021-03-08 00:00:00', 8, 0, 0, 3, 2021, 1, 1, 'Официальный праздничный день 8.3.2021', 'Официальный праздничный день 8.3.2021', 11, 67, NULL),
(1164, '2021-03-09 00:00:00', 9, 1, 1, 3, 2021, 1, 2, '', '', 11, 68, NULL),
(1165, '2021-03-10 00:00:00', 10, 1, 1, 3, 2021, 1, 3, '', '', 11, 69, NULL),
(1166, '2021-03-11 00:00:00', 11, 1, 1, 3, 2021, 1, 4, '', '', 11, 70, NULL),
(1167, '2021-03-12 00:00:00', 12, 1, 1, 3, 2021, 1, 5, '', '', 11, 71, NULL),
(1168, '2021-03-13 00:00:00', 13, 0, 0, 3, 2021, 1, 6, '', '', 11, 72, NULL),
(1169, '2021-03-14 00:00:00', 14, 0, 0, 3, 2021, 1, 7, '', '', 11, 73, NULL),
(1170, '2021-03-15 00:00:00', 15, 1, 1, 3, 2021, 1, 1, '', '', 12, 74, NULL),
(1171, '2021-03-16 00:00:00', 16, 1, 1, 3, 2021, 1, 2, '', '', 12, 75, NULL),
(1172, '2021-03-17 00:00:00', 17, 1, 1, 3, 2021, 1, 3, '', '', 12, 76, NULL),
(1173, '2021-03-18 00:00:00', 18, 1, 1, 3, 2021, 1, 4, '', '', 12, 77, NULL),
(1174, '2021-03-19 00:00:00', 19, 1, 1, 3, 2021, 1, 5, '', '', 12, 78, NULL),
(1175, '2021-03-20 00:00:00', 20, 0, 0, 3, 2021, 1, 6, '', '', 12, 79, NULL),
(1176, '2021-03-21 00:00:00', 21, 0, 0, 3, 2021, 1, 7, '', '', 12, 80, NULL),
(1177, '2021-03-22 00:00:00', 22, 1, 1, 3, 2021, 1, 1, '', '', 13, 81, NULL),
(1178, '2021-03-23 00:00:00', 23, 1, 1, 3, 2021, 1, 2, '', '', 13, 82, NULL),
(1179, '2021-03-24 00:00:00', 24, 1, 1, 3, 2021, 1, 3, '', '', 13, 83, NULL),
(1180, '2021-03-25 00:00:00', 25, 1, 1, 3, 2021, 1, 4, '', '', 13, 84, NULL),
(1181, '2021-03-26 00:00:00', 26, 1, 1, 3, 2021, 1, 5, '', '', 13, 85, NULL),
(1182, '2021-03-27 00:00:00', 27, 0, 0, 3, 2021, 1, 6, '', '', 13, 86, NULL),
(1183, '2021-03-28 00:00:00', 28, 0, 0, 3, 2021, 1, 7, '', '', 13, 87, NULL),
(1184, '2021-03-29 00:00:00', 29, 1, 1, 3, 2021, 1, 1, '', '', 14, 88, NULL),
(1185, '2021-03-30 00:00:00', 30, 1, 1, 3, 2021, 1, 2, '', '', 14, 89, NULL),
(1186, '2021-03-31 00:00:00', 31, 1, 1, 3, 2021, 1, 3, '', '', 14, 90, NULL),
(1187, '2021-04-01 00:00:00', 1, 1, 1, 4, 2021, 2, 4, '', '', 14, 91, NULL),
(1188, '2021-04-02 00:00:00', 2, 1, 1, 4, 2021, 2, 5, '', '', 14, 92, NULL),
(1189, '2021-04-03 00:00:00', 3, 0, 0, 4, 2021, 2, 6, '', '', 14, 93, NULL),
(1190, '2021-04-04 00:00:00', 4, 0, 0, 4, 2021, 2, 7, '', '', 14, 94, NULL),
(1191, '2021-04-05 00:00:00', 5, 1, 1, 4, 2021, 2, 1, '', '', 15, 95, NULL),
(1192, '2021-04-06 00:00:00', 6, 1, 1, 4, 2021, 2, 2, '', '', 15, 96, NULL),
(1193, '2021-04-07 00:00:00', 7, 1, 1, 4, 2021, 2, 3, '', '', 15, 97, NULL),
(1194, '2021-04-08 00:00:00', 8, 1, 1, 4, 2021, 2, 4, '', '', 15, 98, NULL),
(1195, '2021-04-09 00:00:00', 9, 1, 1, 4, 2021, 2, 5, '', '', 15, 99, NULL),
(1196, '2021-04-10 00:00:00', 10, 0, 0, 4, 2021, 2, 6, '', '', 15, 100, NULL),
(1197, '2021-04-11 00:00:00', 11, 0, 0, 4, 2021, 2, 7, '', '', 15, 101, NULL),
(1198, '2021-04-12 00:00:00', 12, 1, 1, 4, 2021, 2, 1, '', '', 16, 102, NULL),
(1199, '2021-04-13 00:00:00', 13, 1, 1, 4, 2021, 2, 2, '', '', 16, 103, NULL),
(1200, '2021-04-14 00:00:00', 14, 1, 1, 4, 2021, 2, 3, '', '', 16, 104, NULL),
(1201, '2021-04-15 00:00:00', 15, 1, 1, 4, 2021, 2, 4, '', '', 16, 105, NULL),
(1202, '2021-04-16 00:00:00', 16, 1, 1, 4, 2021, 2, 5, '', '', 16, 106, NULL),
(1203, '2021-04-17 00:00:00', 17, 0, 0, 4, 2021, 2, 6, '', '', 16, 107, NULL),
(1204, '2021-04-18 00:00:00', 18, 0, 0, 4, 2021, 2, 7, '', '', 16, 108, NULL),
(1205, '2021-04-19 00:00:00', 19, 1, 1, 4, 2021, 2, 1, '', '', 17, 109, NULL),
(1206, '2021-04-20 00:00:00', 20, 1, 1, 4, 2021, 2, 2, '', '', 17, 110, NULL),
(1207, '2021-04-21 00:00:00', 21, 1, 1, 4, 2021, 2, 3, '', '', 17, 111, NULL),
(1208, '2021-04-22 00:00:00', 22, 1, 1, 4, 2021, 2, 4, '', '', 17, 112, NULL),
(1209, '2021-04-23 00:00:00', 23, 1, 1, 4, 2021, 2, 5, '', '', 17, 113, NULL),
(1210, '2021-04-24 00:00:00', 24, 0, 0, 4, 2021, 2, 6, '', '', 17, 114, NULL),
(1211, '2021-04-25 00:00:00', 25, 0, 0, 4, 2021, 2, 7, '', '', 17, 115, NULL),
(1212, '2021-04-26 00:00:00', 26, 1, 1, 4, 2021, 2, 1, '', '', 18, 116, NULL),
(1213, '2021-04-27 00:00:00', 27, 1, 1, 4, 2021, 2, 2, '', '', 18, 117, NULL),
(1214, '2021-04-28 00:00:00', 28, 1, 1, 4, 2021, 2, 3, '', '', 18, 118, NULL),
(1215, '2021-04-29 00:00:00', 29, 1, 1, 4, 2021, 2, 4, '', '', 18, 119, NULL),
(1216, '2021-04-30 00:00:00', 30, 1, 1, 4, 2021, 2, 5, '', '', 18, 120, NULL),
(1217, '2021-05-01 00:00:00', 1, 0, 0, 5, 2021, 2, 6, 'Официальный праздничный день 1.5.2021 суббота', 'Официальный праздничный день 1.5.2021 суббота', 18, 121, NULL),
(1218, '2021-05-02 00:00:00', 2, 0, 0, 5, 2021, 2, 7, '', '', 18, 122, NULL),
(1219, '2021-05-03 00:00:00', 3, 0, 0, 5, 2021, 2, 1, 'Понедельник за праздничным днём 1.5.2021 суббота', 'Понедельник за праздничным днём 1.5.2021 суббота', 19, 123, NULL),
(1220, '2021-05-04 00:00:00', 4, 1, 1, 5, 2021, 2, 2, '', '', 19, 124, NULL),
(1221, '2021-05-05 00:00:00', 5, 1, 1, 5, 2021, 2, 3, '', '', 19, 125, NULL),
(1222, '2021-05-06 00:00:00', 6, 1, 1, 5, 2021, 2, 4, '', '', 19, 126, NULL),
(1223, '2021-05-07 00:00:00', 7, 1, 1, 5, 2021, 2, 5, '', '', 19, 127, NULL),
(1224, '2021-05-08 00:00:00', 8, 0, 0, 5, 2021, 2, 6, '', '', 19, 128, NULL),
(1225, '2021-05-09 00:00:00', 9, 0, 0, 5, 2021, 2, 7, 'Официальный праздничный день 9.5.2021 воскресенье', 'Официальный праздничный день 9.5.2021 воскресенье', 19, 129, NULL),
(1226, '2021-05-10 00:00:00', 10, 0, 0, 5, 2021, 2, 1, 'Понедельник за праздничным днём 9.5.2021 воскресенье', 'Понедельник за праздничным днём 9.5.2021 воскресенье', 20, 130, NULL),
(1227, '2021-05-11 00:00:00', 11, 1, 1, 5, 2021, 2, 2, '', '', 20, 131, NULL),
(1228, '2021-05-12 00:00:00', 12, 1, 1, 5, 2021, 2, 3, '', '', 20, 132, NULL),
(1229, '2021-05-13 00:00:00', 13, 1, 1, 5, 2021, 2, 4, '', '', 20, 133, NULL),
(1230, '2021-05-14 00:00:00', 14, 1, 1, 5, 2021, 2, 5, '', '', 20, 134, NULL),
(1231, '2021-05-15 00:00:00', 15, 0, 0, 5, 2021, 2, 6, '', '', 20, 135, NULL),
(1232, '2021-05-16 00:00:00', 16, 0, 0, 5, 2021, 2, 7, '', '', 20, 136, NULL),
(1233, '2021-05-17 00:00:00', 17, 1, 1, 5, 2021, 2, 1, '', '', 21, 137, NULL),
(1234, '2021-05-18 00:00:00', 18, 1, 1, 5, 2021, 2, 2, '', '', 21, 138, NULL),
(1235, '2021-05-19 00:00:00', 19, 1, 1, 5, 2021, 2, 3, '', '', 21, 139, NULL),
(1236, '2021-05-20 00:00:00', 20, 1, 1, 5, 2021, 2, 4, '', '', 21, 140, NULL),
(1237, '2021-05-21 00:00:00', 21, 1, 1, 5, 2021, 2, 5, '', '', 21, 141, NULL),
(1238, '2021-05-22 00:00:00', 22, 0, 0, 5, 2021, 2, 6, '', '', 21, 142, NULL),
(1239, '2021-05-23 00:00:00', 23, 0, 0, 5, 2021, 2, 7, '', '', 21, 143, NULL),
(1240, '2021-05-24 00:00:00', 24, 1, 1, 5, 2021, 2, 1, '', '', 22, 144, NULL),
(1241, '2021-05-25 00:00:00', 25, 1, 1, 5, 2021, 2, 2, '', '', 22, 145, NULL),
(1242, '2021-05-26 00:00:00', 26, 1, 1, 5, 2021, 2, 3, '', '', 22, 146, NULL),
(1243, '2021-05-27 00:00:00', 27, 1, 1, 5, 2021, 2, 4, '', '', 22, 147, NULL),
(1244, '2021-05-28 00:00:00', 28, 1, 1, 5, 2021, 2, 5, '', '', 22, 148, NULL),
(1245, '2021-05-29 00:00:00', 29, 0, 0, 5, 2021, 2, 6, '', '', 22, 149, NULL),
(1246, '2021-05-30 00:00:00', 30, 0, 0, 5, 2021, 2, 7, '', '', 22, 150, NULL),
(1247, '2021-05-31 00:00:00', 31, 1, 1, 5, 2021, 2, 1, '', '', 23, 151, NULL),
(1248, '2021-06-01 00:00:00', 1, 1, 1, 6, 2021, 2, 2, '', '', 23, 152, NULL),
(1249, '2021-06-02 00:00:00', 2, 1, 1, 6, 2021, 2, 3, '', '', 23, 153, NULL),
(1250, '2021-06-03 00:00:00', 3, 1, 1, 6, 2021, 2, 4, '', '', 23, 154, NULL),
(1251, '2021-06-04 00:00:00', 4, 1, 1, 6, 2021, 2, 5, '', '', 23, 155, NULL),
(1252, '2021-06-05 00:00:00', 5, 0, 0, 6, 2021, 2, 6, '', '', 23, 156, NULL),
(1253, '2021-06-06 00:00:00', 6, 0, 0, 6, 2021, 2, 7, '', '', 23, 157, NULL),
(1254, '2021-06-07 00:00:00', 7, 1, 1, 6, 2021, 2, 1, '', '', 24, 158, NULL),
(1255, '2021-06-08 00:00:00', 8, 1, 1, 6, 2021, 2, 2, '', '', 24, 159, NULL),
(1256, '2021-06-09 00:00:00', 9, 1, 1, 6, 2021, 2, 3, '', '', 24, 160, NULL),
(1257, '2021-06-10 00:00:00', 10, 1, 1, 6, 2021, 2, 4, '', '', 24, 161, NULL),
(1258, '2021-06-11 00:00:00', 11, 1, 1, 6, 2021, 2, 5, '', '', 24, 162, NULL),
(1259, '2021-06-12 00:00:00', 12, 0, 0, 6, 2021, 2, 6, '', '', 24, 163, NULL),
(1260, '2021-06-13 00:00:00', 13, 0, 0, 6, 2021, 2, 7, '', '', 24, 164, NULL),
(1261, '2021-06-14 00:00:00', 14, 1, 1, 6, 2021, 2, 1, '', '', 25, 165, NULL),
(1262, '2021-06-15 00:00:00', 15, 1, 1, 6, 2021, 2, 2, '', '', 25, 166, NULL),
(1263, '2021-06-16 00:00:00', 16, 1, 1, 6, 2021, 2, 3, '', '', 25, 167, NULL),
(1264, '2021-06-17 00:00:00', 17, 1, 1, 6, 2021, 2, 4, '', '', 25, 168, NULL),
(1265, '2021-06-18 00:00:00', 18, 1, 1, 6, 2021, 2, 5, '', '', 25, 169, NULL),
(1266, '2021-06-19 00:00:00', 19, 0, 0, 6, 2021, 2, 6, '', '', 25, 170, NULL),
(1267, '2021-06-20 00:00:00', 20, 0, 0, 6, 2021, 2, 7, '', '', 25, 171, NULL),
(1268, '2021-06-21 00:00:00', 21, 1, 1, 6, 2021, 2, 1, '', '', 26, 172, NULL),
(1269, '2021-06-22 00:00:00', 22, 1, 1, 6, 2021, 2, 2, '', '', 26, 173, NULL),
(1270, '2021-06-23 00:00:00', 23, 1, 1, 6, 2021, 2, 3, '', '', 26, 174, NULL),
(1271, '2021-06-24 00:00:00', 24, 1, 1, 6, 2021, 2, 4, '', '', 26, 175, NULL),
(1272, '2021-06-25 00:00:00', 25, 1, 1, 6, 2021, 2, 5, '', '', 26, 176, NULL),
(1273, '2021-06-26 00:00:00', 26, 0, 0, 6, 2021, 2, 6, '', '', 26, 177, NULL),
(1274, '2021-06-27 00:00:00', 27, 0, 0, 6, 2021, 2, 7, '', '', 26, 178, NULL),
(1275, '2021-06-28 00:00:00', 28, 1, 1, 6, 2021, 2, 1, '', '', 27, 179, NULL),
(1276, '2021-06-29 00:00:00', 29, 1, 1, 6, 2021, 2, 2, '', '', 27, 180, NULL),
(1277, '2021-06-30 00:00:00', 30, 1, 1, 6, 2021, 2, 3, '', '', 27, 181, NULL),
(1278, '2021-07-01 00:00:00', 1, 1, 1, 7, 2021, 3, 4, '', '', 27, 182, NULL),
(1279, '2021-07-02 00:00:00', 2, 1, 1, 7, 2021, 3, 5, '', '', 27, 183, NULL),
(1280, '2021-07-03 00:00:00', 3, 0, 0, 7, 2021, 3, 6, '', '', 27, 184, NULL),
(1281, '2021-07-04 00:00:00', 4, 0, 0, 7, 2021, 3, 7, '', '', 27, 185, NULL),
(1282, '2021-07-05 00:00:00', 5, 1, 1, 7, 2021, 3, 1, '', '', 28, 186, NULL),
(1283, '2021-07-06 00:00:00', 6, 1, 1, 7, 2021, 3, 2, '', '', 28, 187, NULL),
(1284, '2021-07-07 00:00:00', 7, 1, 1, 7, 2021, 3, 3, '', '', 28, 188, NULL),
(1285, '2021-07-08 00:00:00', 8, 1, 1, 7, 2021, 3, 4, '', '', 28, 189, NULL),
(1286, '2021-07-09 00:00:00', 9, 1, 1, 7, 2021, 3, 5, '', '', 28, 190, NULL),
(1287, '2021-07-10 00:00:00', 10, 0, 0, 7, 2021, 3, 6, '', '', 28, 191, NULL),
(1288, '2021-07-11 00:00:00', 11, 0, 0, 7, 2021, 3, 7, '', '', 28, 192, NULL),
(1289, '2021-07-12 00:00:00', 12, 1, 1, 7, 2021, 3, 1, '', '', 29, 193, NULL),
(1290, '2021-07-13 00:00:00', 13, 1, 1, 7, 2021, 3, 2, '', '', 29, 194, NULL),
(1291, '2021-07-14 00:00:00', 14, 1, 1, 7, 2021, 3, 3, '', '', 29, 195, NULL),
(1292, '2021-07-15 00:00:00', 15, 1, 1, 7, 2021, 3, 4, '', '', 29, 196, NULL),
(1293, '2021-07-16 00:00:00', 16, 1, 1, 7, 2021, 3, 5, '', '', 29, 197, NULL),
(1294, '2021-07-17 00:00:00', 17, 0, 0, 7, 2021, 3, 6, '', '', 29, 198, NULL),
(1295, '2021-07-18 00:00:00', 18, 0, 0, 7, 2021, 3, 7, '', '', 29, 199, NULL),
(1296, '2021-07-19 00:00:00', 19, 1, 1, 7, 2021, 3, 1, '', '', 30, 200, NULL),
(1297, '2021-07-20 00:00:00', 20, 1, 1, 7, 2021, 3, 2, '', '', 30, 201, NULL),
(1298, '2021-07-21 00:00:00', 21, 1, 1, 7, 2021, 3, 3, '', '', 30, 202, NULL),
(1299, '2021-07-22 00:00:00', 22, 1, 1, 7, 2021, 3, 4, '', '', 30, 203, NULL),
(1300, '2021-07-23 00:00:00', 23, 1, 1, 7, 2021, 3, 5, '', '', 30, 204, NULL),
(1301, '2021-07-24 00:00:00', 24, 0, 0, 7, 2021, 3, 6, '', '', 30, 205, NULL),
(1302, '2021-07-25 00:00:00', 25, 0, 0, 7, 2021, 3, 7, '', '', 30, 206, NULL),
(1303, '2021-07-26 00:00:00', 26, 1, 1, 7, 2021, 3, 1, '', '', 31, 207, NULL),
(1304, '2021-07-27 00:00:00', 27, 1, 1, 7, 2021, 3, 2, '', '', 31, 208, NULL),
(1305, '2021-07-28 00:00:00', 28, 1, 1, 7, 2021, 3, 3, '', '', 31, 209, NULL),
(1306, '2021-07-29 00:00:00', 29, 1, 1, 7, 2021, 3, 4, '', '', 31, 210, NULL),
(1307, '2021-07-30 00:00:00', 30, 1, 1, 7, 2021, 3, 5, '', '', 31, 211, NULL),
(1308, '2021-07-31 00:00:00', 31, 0, 0, 7, 2021, 3, 6, '', '', 31, 212, NULL),
(1309, '2021-08-01 00:00:00', 1, 0, 0, 8, 2021, 3, 7, '', '', 31, 213, NULL),
(1310, '2021-08-02 00:00:00', 2, 1, 1, 8, 2021, 3, 1, '', '', 32, 214, NULL),
(1311, '2021-08-03 00:00:00', 3, 1, 1, 8, 2021, 3, 2, '', '', 32, 215, NULL),
(1312, '2021-08-04 00:00:00', 4, 1, 1, 8, 2021, 3, 3, '', '', 32, 216, NULL),
(1313, '2021-08-05 00:00:00', 5, 1, 1, 8, 2021, 3, 4, '', '', 32, 217, NULL),
(1314, '2021-08-06 00:00:00', 6, 1, 1, 8, 2021, 3, 5, '', '', 32, 218, NULL),
(1315, '2021-08-07 00:00:00', 7, 0, 0, 8, 2021, 3, 6, '', '', 32, 219, NULL),
(1316, '2021-08-08 00:00:00', 8, 0, 0, 8, 2021, 3, 7, '', '', 32, 220, NULL),
(1317, '2021-08-09 00:00:00', 9, 1, 1, 8, 2021, 3, 1, '', '', 33, 221, NULL),
(1318, '2021-08-10 00:00:00', 10, 1, 1, 8, 2021, 3, 2, '', '', 33, 222, NULL),
(1319, '2021-08-11 00:00:00', 11, 1, 1, 8, 2021, 3, 3, '', '', 33, 223, NULL),
(1320, '2021-08-12 00:00:00', 12, 1, 1, 8, 2021, 3, 4, '', '', 33, 224, NULL),
(1321, '2021-08-13 00:00:00', 13, 1, 1, 8, 2021, 3, 5, '', '', 33, 225, NULL),
(1322, '2021-08-14 00:00:00', 14, 0, 0, 8, 2021, 3, 6, '', '', 33, 226, NULL),
(1323, '2021-08-15 00:00:00', 15, 0, 0, 8, 2021, 3, 7, '', '', 33, 227, NULL),
(1324, '2021-08-16 00:00:00', 16, 1, 1, 8, 2021, 3, 1, '', '', 34, 228, NULL),
(1325, '2021-08-17 00:00:00', 17, 1, 1, 8, 2021, 3, 2, '', '', 34, 229, NULL),
(1326, '2021-08-18 00:00:00', 18, 1, 1, 8, 2021, 3, 3, '', '', 34, 230, NULL),
(1327, '2021-08-19 00:00:00', 19, 1, 1, 8, 2021, 3, 4, '', '', 34, 231, NULL),
(1328, '2021-08-20 00:00:00', 20, 1, 1, 8, 2021, 3, 5, '', '', 34, 232, NULL),
(1329, '2021-08-21 00:00:00', 21, 0, 0, 8, 2021, 3, 6, '', '', 34, 233, NULL),
(1330, '2021-08-22 00:00:00', 22, 0, 0, 8, 2021, 3, 7, '', '', 34, 234, NULL),
(1331, '2021-08-23 00:00:00', 23, 1, 1, 8, 2021, 3, 1, '', '', 35, 235, NULL),
(1332, '2021-08-24 00:00:00', 24, 1, 1, 8, 2021, 3, 2, '', '', 35, 236, NULL),
(1333, '2021-08-25 00:00:00', 25, 1, 1, 8, 2021, 3, 3, '', '', 35, 237, NULL),
(1334, '2021-08-26 00:00:00', 26, 1, 1, 8, 2021, 3, 4, '', '', 35, 238, NULL),
(1335, '2021-08-27 00:00:00', 27, 1, 1, 8, 2021, 3, 5, '', '', 35, 239, NULL),
(1336, '2021-08-28 00:00:00', 28, 0, 0, 8, 2021, 3, 6, '', '', 35, 240, NULL),
(1337, '2021-08-29 00:00:00', 29, 0, 0, 8, 2021, 3, 7, '', '', 35, 241, NULL),
(1338, '2021-08-30 00:00:00', 30, 1, 1, 8, 2021, 3, 1, '', '', 36, 242, NULL),
(1339, '2021-08-31 00:00:00', 31, 1, 1, 8, 2021, 3, 2, '', '', 36, 243, NULL),
(1340, '2021-09-01 00:00:00', 1, 0, 1, 9, 2021, 3, 3, 'Ошибка исправить', '', 36, 244, 'Изменено пользователем Admin:17.09.2021 19:20:52'),
(1341, '2021-09-02 00:00:00', 2, 1, 1, 9, 2021, 3, 4, '', '', 36, 245, NULL),
(1342, '2021-09-03 00:00:00', 3, 1, 1, 9, 2021, 3, 5, '', '', 36, 246, NULL),
(1343, '2021-09-04 00:00:00', 4, 0, 0, 9, 2021, 3, 6, '', '', 36, 247, NULL),
(1344, '2021-09-05 00:00:00', 5, 0, 0, 9, 2021, 3, 7, '', '', 36, 248, NULL),
(1345, '2021-09-06 00:00:00', 6, 1, 1, 9, 2021, 3, 1, '', '', 37, 249, NULL),
(1346, '2021-09-07 00:00:00', 7, 1, 1, 9, 2021, 3, 2, '', '', 37, 250, NULL),
(1347, '2021-09-08 00:00:00', 8, 1, 1, 9, 2021, 3, 3, 'Ошибочно, исправлено', '', 37, 251, 'Изменено пользователем Admin:17.09.2021 19:45:42'),
(1348, '2021-09-09 00:00:00', 9, 1, 1, 9, 2021, 3, 4, '', '', 37, 252, NULL),
(1349, '2021-09-10 00:00:00', 10, 1, 1, 9, 2021, 3, 5, '', '', 37, 253, NULL),
(1350, '2021-09-11 00:00:00', 11, 0, 0, 9, 2021, 3, 6, '', '', 37, 254, NULL),
(1351, '2021-09-12 00:00:00', 12, 0, 0, 9, 2021, 3, 7, '', '', 37, 255, NULL),
(1352, '2021-09-13 00:00:00', 13, 0, 1, 9, 2021, 3, 1, 'Ошибка исправлена', '', 38, 256, 'Изменено пользователем Admin:17.09.2021 19:22:23'),
(1353, '2021-09-14 00:00:00', 14, 1, 1, 9, 2021, 3, 2, '', '', 38, 257, NULL),
(1354, '2021-09-15 00:00:00', 15, 1, 1, 9, 2021, 3, 3, '', '', 38, 258, NULL),
(1355, '2021-09-16 00:00:00', 16, 1, 1, 9, 2021, 3, 4, '', '', 38, 259, NULL),
(1356, '2021-09-17 00:00:00', 17, 1, 1, 9, 2021, 3, 5, '', '', 38, 260, NULL),
(1357, '2021-09-18 00:00:00', 18, 0, 0, 9, 2021, 3, 6, '', '', 38, 261, NULL),
(1358, '2021-09-19 00:00:00', 19, 0, 0, 9, 2021, 3, 7, '', '', 38, 262, NULL),
(1359, '2021-09-20 00:00:00', 20, 1, 1, 9, 2021, 3, 1, '', '', 39, 263, NULL),
(1360, '2021-09-21 00:00:00', 21, 1, 1, 9, 2021, 3, 2, '', '', 39, 264, NULL),
(1361, '2021-09-22 00:00:00', 22, 1, 1, 9, 2021, 3, 3, '', '', 39, 265, NULL),
(1362, '2021-09-23 00:00:00', 23, 1, 1, 9, 2021, 3, 4, '', '', 39, 266, NULL),
(1363, '2021-09-24 00:00:00', 24, 1, 1, 9, 2021, 3, 5, '', '', 39, 267, NULL),
(1364, '2021-09-25 00:00:00', 25, 0, 0, 9, 2021, 3, 6, '', '', 39, 268, NULL),
(1365, '2021-09-26 00:00:00', 26, 0, 0, 9, 2021, 3, 7, '', '', 39, 269, NULL),
(1366, '2021-09-27 00:00:00', 27, 1, 1, 9, 2021, 3, 1, '', '', 40, 270, NULL),
(1367, '2021-09-28 00:00:00', 28, 1, 1, 9, 2021, 3, 2, '', '', 40, 271, NULL),
(1368, '2021-09-29 00:00:00', 29, 1, 1, 9, 2021, 3, 3, '', '', 40, 272, NULL),
(1369, '2021-09-30 00:00:00', 30, 1, 1, 9, 2021, 3, 4, '', '', 40, 273, NULL),
(1370, '2021-10-01 00:00:00', 1, 1, 1, 10, 2021, 4, 5, '', '', 40, 274, NULL),
(1371, '2021-10-02 00:00:00', 2, 0, 0, 10, 2021, 4, 6, '', '', 40, 275, NULL),
(1372, '2021-10-03 00:00:00', 3, 0, 0, 10, 2021, 4, 7, '', '', 40, 276, NULL),
(1373, '2021-10-04 00:00:00', 4, 1, 1, 10, 2021, 4, 1, '', '', 41, 277, NULL),
(1374, '2021-10-05 00:00:00', 5, 1, 1, 10, 2021, 4, 2, '', '', 41, 278, NULL),
(1375, '2021-10-06 00:00:00', 6, 1, 1, 10, 2021, 4, 3, '', '', 41, 279, NULL),
(1376, '2021-10-07 00:00:00', 7, 1, 1, 10, 2021, 4, 4, '', '', 41, 280, NULL),
(1377, '2021-10-08 00:00:00', 8, 1, 1, 10, 2021, 4, 5, '', '', 41, 281, NULL),
(1378, '2021-10-09 00:00:00', 9, 0, 0, 10, 2021, 4, 6, '', '', 41, 282, NULL),
(1379, '2021-10-10 00:00:00', 10, 0, 0, 10, 2021, 4, 7, '', '', 41, 283, NULL),
(1380, '2021-10-11 00:00:00', 11, 1, 1, 10, 2021, 4, 1, '', '', 42, 284, NULL),
(1381, '2021-10-12 00:00:00', 12, 1, 1, 10, 2021, 4, 2, '', '', 42, 285, NULL),
(1382, '2021-10-13 00:00:00', 13, 1, 1, 10, 2021, 4, 3, '', '', 42, 286, NULL),
(1383, '2021-10-14 00:00:00', 14, 0, 0, 10, 2021, 4, 4, 'Исправлено ошибочно', 'Официальный праздничный день 14.10.2021', 42, 287, 'Изменено пользователем Admin:17.09.2021 19:23:46'),
(1384, '2021-10-15 00:00:00', 15, 1, 1, 10, 2021, 4, 5, '', '', 42, 288, NULL),
(1385, '2021-10-16 00:00:00', 16, 0, 0, 10, 2021, 4, 6, '', '', 42, 289, NULL),
(1386, '2021-10-17 00:00:00', 17, 0, 0, 10, 2021, 4, 7, '', '', 42, 290, NULL),
(1387, '2021-10-18 00:00:00', 18, 1, 1, 10, 2021, 4, 1, '', '', 43, 291, NULL),
(1388, '2021-10-19 00:00:00', 19, 1, 1, 10, 2021, 4, 2, '', '', 43, 292, NULL),
(1389, '2021-10-20 00:00:00', 20, 1, 1, 10, 2021, 4, 3, '', '', 43, 293, NULL),
(1390, '2021-10-21 00:00:00', 21, 1, 1, 10, 2021, 4, 4, '', '', 43, 294, NULL),
(1391, '2021-10-22 00:00:00', 22, 1, 1, 10, 2021, 4, 5, '', '', 43, 295, NULL),
(1392, '2021-10-23 00:00:00', 23, 0, 0, 10, 2021, 4, 6, '', '', 43, 296, NULL),
(1393, '2021-10-24 00:00:00', 24, 0, 0, 10, 2021, 4, 7, '', '', 43, 297, NULL),
(1394, '2021-10-25 00:00:00', 25, 1, 1, 10, 2021, 4, 1, '', '', 44, 298, NULL),
(1395, '2021-10-26 00:00:00', 26, 1, 1, 10, 2021, 4, 2, '', '', 44, 299, NULL),
(1396, '2021-10-27 00:00:00', 27, 1, 1, 10, 2021, 4, 3, '', '', 44, 300, NULL),
(1397, '2021-10-28 00:00:00', 28, 1, 1, 10, 2021, 4, 4, '', '', 44, 301, NULL),
(1398, '2021-10-29 00:00:00', 29, 1, 1, 10, 2021, 4, 5, '', '', 44, 302, NULL),
(1399, '2021-10-30 00:00:00', 30, 0, 0, 10, 2021, 4, 6, '', '', 44, 303, NULL),
(1400, '2021-10-31 00:00:00', 31, 0, 0, 10, 2021, 4, 7, '', '', 44, 304, NULL),
(1401, '2021-11-01 00:00:00', 1, 1, 1, 11, 2021, 4, 1, '', '', 45, 305, NULL),
(1402, '2021-11-02 00:00:00', 2, 1, 1, 11, 2021, 4, 2, '', '', 45, 306, NULL),
(1403, '2021-11-03 00:00:00', 3, 1, 1, 11, 2021, 4, 3, '', '', 45, 307, NULL),
(1404, '2021-11-04 00:00:00', 4, 1, 1, 11, 2021, 4, 4, '', '', 45, 308, NULL),
(1405, '2021-11-05 00:00:00', 5, 1, 1, 11, 2021, 4, 5, '', '', 45, 309, NULL),
(1406, '2021-11-06 00:00:00', 6, 0, 0, 11, 2021, 4, 6, '', '', 45, 310, NULL),
(1407, '2021-11-07 00:00:00', 7, 0, 0, 11, 2021, 4, 7, '', '', 45, 311, NULL),
(1408, '2021-11-08 00:00:00', 8, 1, 1, 11, 2021, 4, 1, '', '', 46, 312, NULL),
(1409, '2021-11-09 00:00:00', 9, 1, 1, 11, 2021, 4, 2, '', '', 46, 313, NULL),
(1410, '2021-11-10 00:00:00', 10, 1, 1, 11, 2021, 4, 3, '', '', 46, 314, NULL),
(1411, '2021-11-11 00:00:00', 11, 1, 1, 11, 2021, 4, 4, '', '', 46, 315, NULL),
(1412, '2021-11-12 00:00:00', 12, 1, 1, 11, 2021, 4, 5, '', '', 46, 316, NULL),
(1413, '2021-11-13 00:00:00', 13, 0, 0, 11, 2021, 4, 6, '', '', 46, 317, NULL),
(1414, '2021-11-14 00:00:00', 14, 0, 0, 11, 2021, 4, 7, '', '', 46, 318, NULL),
(1415, '2021-11-15 00:00:00', 15, 1, 1, 11, 2021, 4, 1, '', '', 47, 319, NULL),
(1416, '2021-11-16 00:00:00', 16, 1, 1, 11, 2021, 4, 2, '', '', 47, 320, NULL),
(1417, '2021-11-17 00:00:00', 17, 1, 1, 11, 2021, 4, 3, '', '', 47, 321, NULL),
(1418, '2021-11-18 00:00:00', 18, 1, 1, 11, 2021, 4, 4, '', '', 47, 322, NULL),
(1419, '2021-11-19 00:00:00', 19, 1, 1, 11, 2021, 4, 5, '', '', 47, 323, NULL),
(1420, '2021-11-20 00:00:00', 20, 0, 0, 11, 2021, 4, 6, '', '', 47, 324, NULL),
(1421, '2021-11-21 00:00:00', 21, 0, 0, 11, 2021, 4, 7, '', '', 47, 325, NULL),
(1422, '2021-11-22 00:00:00', 22, 1, 1, 11, 2021, 4, 1, '', '', 48, 326, NULL),
(1423, '2021-11-23 00:00:00', 23, 1, 1, 11, 2021, 4, 2, '', '', 48, 327, NULL),
(1424, '2021-11-24 00:00:00', 24, 1, 1, 11, 2021, 4, 3, '', '', 48, 328, NULL),
(1425, '2021-11-25 00:00:00', 25, 1, 1, 11, 2021, 4, 4, '', '', 48, 329, NULL),
(1426, '2021-11-26 00:00:00', 26, 1, 1, 11, 2021, 4, 5, '', '', 48, 330, NULL),
(1427, '2021-11-27 00:00:00', 27, 0, 0, 11, 2021, 4, 6, '', '', 48, 331, NULL),
(1428, '2021-11-28 00:00:00', 28, 0, 0, 11, 2021, 4, 7, '', '', 48, 332, NULL),
(1429, '2021-11-29 00:00:00', 29, 1, 1, 11, 2021, 4, 1, '', '', 49, 333, NULL),
(1430, '2021-11-30 00:00:00', 30, 1, 1, 11, 2021, 4, 2, '', '', 49, 334, NULL),
(1431, '2021-12-01 00:00:00', 1, 1, 1, 12, 2021, 4, 3, '', '', 49, 335, NULL),
(1432, '2021-12-02 00:00:00', 2, 1, 1, 12, 2021, 4, 4, '', '', 49, 336, NULL),
(1433, '2021-12-03 00:00:00', 3, 1, 1, 12, 2021, 4, 5, '', '', 49, 337, NULL),
(1434, '2021-12-04 00:00:00', 4, 0, 0, 12, 2021, 4, 6, '', '', 49, 338, NULL),
(1435, '2021-12-05 00:00:00', 5, 0, 0, 12, 2021, 4, 7, '', '', 49, 339, NULL),
(1436, '2021-12-06 00:00:00', 6, 1, 1, 12, 2021, 4, 1, '', '', 50, 340, NULL),
(1437, '2021-12-07 00:00:00', 7, 1, 1, 12, 2021, 4, 2, '', '', 50, 341, NULL),
(1438, '2021-12-08 00:00:00', 8, 1, 1, 12, 2021, 4, 3, '', '', 50, 342, NULL),
(1439, '2021-12-09 00:00:00', 9, 1, 1, 12, 2021, 4, 4, '', '', 50, 343, NULL),
(1440, '2021-12-10 00:00:00', 10, 1, 1, 12, 2021, 4, 5, '', '', 50, 344, NULL),
(1441, '2021-12-11 00:00:00', 11, 0, 0, 12, 2021, 4, 6, '', '', 50, 345, NULL),
(1442, '2021-12-12 00:00:00', 12, 0, 0, 12, 2021, 4, 7, '', '', 50, 346, NULL),
(1443, '2021-12-13 00:00:00', 13, 1, 1, 12, 2021, 4, 1, '', '', 51, 347, NULL),
(1444, '2021-12-14 00:00:00', 14, 1, 1, 12, 2021, 4, 2, '', '', 51, 348, NULL),
(1445, '2021-12-15 00:00:00', 15, 1, 1, 12, 2021, 4, 3, '', '', 51, 349, NULL),
(1446, '2021-12-16 00:00:00', 16, 1, 1, 12, 2021, 4, 4, '', '', 51, 350, NULL),
(1447, '2021-12-17 00:00:00', 17, 1, 1, 12, 2021, 4, 5, '', '', 51, 351, NULL),
(1448, '2021-12-18 00:00:00', 18, 0, 0, 12, 2021, 4, 6, '', '', 51, 352, NULL),
(1449, '2021-12-19 00:00:00', 19, 0, 0, 12, 2021, 4, 7, '', '', 51, 353, NULL),
(1450, '2021-12-20 00:00:00', 20, 1, 1, 12, 2021, 4, 1, '', '', 52, 354, NULL),
(1451, '2021-12-21 00:00:00', 21, 1, 1, 12, 2021, 4, 2, '', '', 52, 355, NULL),
(1452, '2021-12-22 00:00:00', 22, 1, 1, 12, 2021, 4, 3, '', '', 52, 356, NULL),
(1453, '2021-12-23 00:00:00', 23, 1, 1, 12, 2021, 4, 4, '', '', 52, 357, NULL),
(1454, '2021-12-24 00:00:00', 24, 1, 1, 12, 2021, 4, 5, '', '', 52, 358, NULL),
(1455, '2021-12-25 00:00:00', 25, 0, 0, 12, 2021, 4, 6, 'Официальный праздничный день 25.12.2021 суббота', 'Официальный праздничный день 25.12.2021 суббота', 52, 359, NULL),
(1456, '2021-12-26 00:00:00', 26, 0, 0, 12, 2021, 4, 7, '', '', 52, 360, NULL),
(1457, '2021-12-27 00:00:00', 27, 0, 0, 12, 2021, 4, 1, 'Понедельник за праздничным днём 25.12.2021 суббота', 'Понедельник за праздничным днём 25.12.2021 суббота', 53, 361, NULL),
(1458, '2021-12-28 00:00:00', 28, 1, 1, 12, 2021, 4, 2, '', '', 53, 362, NULL),
(1459, '2021-12-29 00:00:00', 29, 1, 1, 12, 2021, 4, 3, '', '', 53, 363, NULL),
(1460, '2021-12-30 00:00:00', 30, 1, 1, 12, 2021, 4, 4, '', '', 53, 364, NULL),
(1461, '2021-12-31 00:00:00', 31, 1, 1, 12, 2021, 4, 5, '', '', 53, 365, NULL),
(1462, '2022-01-01 00:00:00', 1, 0, 0, 1, 2022, 1, 6, 'Официальный праздничный день 1.1.2022 суббота', 'Официальный праздничный день 1.1.2022 суббота', 1, 1, NULL),
(1463, '2022-01-02 00:00:00', 2, 0, 0, 1, 2022, 1, 7, '', '', 1, 2, NULL),
(1464, '2022-01-03 00:00:00', 3, 0, 0, 1, 2022, 1, 1, 'Понедельник за праздничным днём 1.1.2022 суббота', 'Понедельник за праздничным днём 1.1.2022 суббота', 2, 3, NULL),
(1465, '2022-01-04 00:00:00', 4, 1, 1, 1, 2022, 1, 2, '', '', 2, 4, NULL),
(1466, '2022-01-05 00:00:00', 5, 1, 1, 1, 2022, 1, 3, '', '', 2, 5, NULL),
(1467, '2022-01-06 00:00:00', 6, 1, 1, 1, 2022, 1, 4, '', '', 2, 6, NULL),
(1468, '2022-01-07 00:00:00', 7, 0, 0, 1, 2022, 1, 5, 'Официальный праздничный день 7.1.2022', 'Официальный праздничный день 7.1.2022', 2, 7, NULL),
(1469, '2022-01-08 00:00:00', 8, 0, 0, 1, 2022, 1, 6, '', '', 2, 8, NULL),
(1470, '2022-01-09 00:00:00', 9, 0, 0, 1, 2022, 1, 7, '', '', 2, 9, NULL),
(1471, '2022-01-10 00:00:00', 10, 1, 1, 1, 2022, 1, 1, '', '', 3, 10, NULL),
(1472, '2022-01-11 00:00:00', 11, 1, 1, 1, 2022, 1, 2, '', '', 3, 11, NULL),
(1473, '2022-01-12 00:00:00', 12, 1, 1, 1, 2022, 1, 3, '', '', 3, 12, NULL),
(1474, '2022-01-13 00:00:00', 13, 1, 1, 1, 2022, 1, 4, '', '', 3, 13, NULL),
(1475, '2022-01-14 00:00:00', 14, 1, 1, 1, 2022, 1, 5, '', '', 3, 14, NULL),
(1476, '2022-01-15 00:00:00', 15, 0, 0, 1, 2022, 1, 6, '', '', 3, 15, NULL),
(1477, '2022-01-16 00:00:00', 16, 0, 0, 1, 2022, 1, 7, '', '', 3, 16, NULL),
(1478, '2022-01-17 00:00:00', 17, 1, 1, 1, 2022, 1, 1, '', '', 4, 17, NULL),
(1479, '2022-01-18 00:00:00', 18, 1, 1, 1, 2022, 1, 2, '', '', 4, 18, NULL),
(1480, '2022-01-19 00:00:00', 19, 1, 1, 1, 2022, 1, 3, '', '', 4, 19, NULL),
(1481, '2022-01-20 00:00:00', 20, 1, 1, 1, 2022, 1, 4, '', '', 4, 20, NULL),
(1482, '2022-01-21 00:00:00', 21, 1, 1, 1, 2022, 1, 5, '', '', 4, 21, NULL),
(1483, '2022-01-22 00:00:00', 22, 0, 0, 1, 2022, 1, 6, '', '', 4, 22, NULL),
(1484, '2022-01-23 00:00:00', 23, 0, 0, 1, 2022, 1, 7, '', '', 4, 23, NULL),
(1485, '2022-01-24 00:00:00', 24, 1, 1, 1, 2022, 1, 1, '', '', 5, 24, NULL),
(1486, '2022-01-25 00:00:00', 25, 1, 1, 1, 2022, 1, 2, '', '', 5, 25, NULL),
(1487, '2022-01-26 00:00:00', 26, 1, 1, 1, 2022, 1, 3, '', '', 5, 26, NULL),
(1488, '2022-01-27 00:00:00', 27, 1, 1, 1, 2022, 1, 4, '', '', 5, 27, NULL),
(1489, '2022-01-28 00:00:00', 28, 1, 1, 1, 2022, 1, 5, '', '', 5, 28, NULL),
(1490, '2022-01-29 00:00:00', 29, 0, 0, 1, 2022, 1, 6, '', '', 5, 29, NULL),
(1491, '2022-01-30 00:00:00', 30, 0, 0, 1, 2022, 1, 7, '', '', 5, 30, NULL),
(1492, '2022-01-31 00:00:00', 31, 1, 1, 1, 2022, 1, 1, '', '', 6, 31, NULL),
(1493, '2022-02-01 00:00:00', 1, 1, 1, 2, 2022, 1, 2, '', '', 6, 32, NULL),
(1494, '2022-02-02 00:00:00', 2, 1, 1, 2, 2022, 1, 3, '', '', 6, 33, NULL),
(1495, '2022-02-03 00:00:00', 3, 1, 1, 2, 2022, 1, 4, '', '', 6, 34, NULL),
(1496, '2022-02-04 00:00:00', 4, 1, 1, 2, 2022, 1, 5, '', '', 6, 35, NULL),
(1497, '2022-02-05 00:00:00', 5, 0, 0, 2, 2022, 1, 6, '', '', 6, 36, NULL),
(1498, '2022-02-06 00:00:00', 6, 0, 0, 2, 2022, 1, 7, '', '', 6, 37, NULL),
(1499, '2022-02-07 00:00:00', 7, 1, 1, 2, 2022, 1, 1, '', '', 7, 38, NULL),
(1500, '2022-02-08 00:00:00', 8, 1, 1, 2, 2022, 1, 2, '', '', 7, 39, NULL),
(1501, '2022-02-09 00:00:00', 9, 1, 1, 2, 2022, 1, 3, '', '', 7, 40, NULL),
(1502, '2022-02-10 00:00:00', 10, 1, 1, 2, 2022, 1, 4, '', '', 7, 41, NULL),
(1503, '2022-02-11 00:00:00', 11, 1, 1, 2, 2022, 1, 5, '', '', 7, 42, NULL),
(1504, '2022-02-12 00:00:00', 12, 0, 0, 2, 2022, 1, 6, '', '', 7, 43, NULL),
(1505, '2022-02-13 00:00:00', 13, 0, 0, 2, 2022, 1, 7, '', '', 7, 44, NULL),
(1506, '2022-02-14 00:00:00', 14, 1, 1, 2, 2022, 1, 1, '', '', 8, 45, NULL),
(1507, '2022-02-15 00:00:00', 15, 1, 1, 2, 2022, 1, 2, '', '', 8, 46, NULL),
(1508, '2022-02-16 00:00:00', 16, 1, 1, 2, 2022, 1, 3, '', '', 8, 47, NULL),
(1509, '2022-02-17 00:00:00', 17, 1, 1, 2, 2022, 1, 4, '', '', 8, 48, NULL),
(1510, '2022-02-18 00:00:00', 18, 1, 1, 2, 2022, 1, 5, '', '', 8, 49, NULL),
(1511, '2022-02-19 00:00:00', 19, 0, 0, 2, 2022, 1, 6, '', '', 8, 50, NULL),
(1512, '2022-02-20 00:00:00', 20, 0, 0, 2, 2022, 1, 7, '', '', 8, 51, NULL),
(1513, '2022-02-21 00:00:00', 21, 1, 1, 2, 2022, 1, 1, '', '', 9, 52, NULL),
(1514, '2022-02-22 00:00:00', 22, 1, 1, 2, 2022, 1, 2, '', '', 9, 53, NULL),
(1515, '2022-02-23 00:00:00', 23, 1, 1, 2, 2022, 1, 3, '', '', 9, 54, NULL),
(1516, '2022-02-24 00:00:00', 24, 1, 1, 2, 2022, 1, 4, '', '', 9, 55, NULL),
(1517, '2022-02-25 00:00:00', 25, 1, 1, 2, 2022, 1, 5, '', '', 9, 56, NULL),
(1518, '2022-02-26 00:00:00', 26, 0, 0, 2, 2022, 1, 6, '', '', 9, 57, NULL),
(1519, '2022-02-27 00:00:00', 27, 0, 0, 2, 2022, 1, 7, '', '', 9, 58, NULL),
(1520, '2022-02-28 00:00:00', 28, 1, 1, 2, 2022, 1, 1, '', '', 10, 59, NULL),
(1521, '2022-03-01 00:00:00', 1, 1, 1, 3, 2022, 1, 2, '', '', 10, 60, NULL),
(1522, '2022-03-02 00:00:00', 2, 1, 1, 3, 2022, 1, 3, '', '', 10, 61, NULL),
(1523, '2022-03-03 00:00:00', 3, 1, 1, 3, 2022, 1, 4, '', '', 10, 62, NULL),
(1524, '2022-03-04 00:00:00', 4, 1, 1, 3, 2022, 1, 5, '', '', 10, 63, NULL),
(1525, '2022-03-05 00:00:00', 5, 0, 0, 3, 2022, 1, 6, '', '', 10, 64, NULL),
(1526, '2022-03-06 00:00:00', 6, 0, 0, 3, 2022, 1, 7, '', '', 10, 65, NULL),
(1527, '2022-03-07 00:00:00', 7, 1, 1, 3, 2022, 1, 1, '', '', 11, 66, NULL),
(1528, '2022-03-08 00:00:00', 8, 0, 0, 3, 2022, 1, 2, 'Официальный праздничный день 8.3.2022', 'Официальный праздничный день 8.3.2022', 11, 67, NULL),
(1529, '2022-03-09 00:00:00', 9, 1, 1, 3, 2022, 1, 3, '', '', 11, 68, NULL),
(1530, '2022-03-10 00:00:00', 10, 1, 1, 3, 2022, 1, 4, '', '', 11, 69, NULL),
(1531, '2022-03-11 00:00:00', 11, 1, 1, 3, 2022, 1, 5, '', '', 11, 70, NULL),
(1532, '2022-03-12 00:00:00', 12, 0, 0, 3, 2022, 1, 6, '', '', 11, 71, NULL),
(1533, '2022-03-13 00:00:00', 13, 0, 0, 3, 2022, 1, 7, '', '', 11, 72, NULL),
(1534, '2022-03-14 00:00:00', 14, 1, 1, 3, 2022, 1, 1, '', '', 12, 73, NULL),
(1535, '2022-03-15 00:00:00', 15, 1, 1, 3, 2022, 1, 2, '', '', 12, 74, NULL),
(1536, '2022-03-16 00:00:00', 16, 1, 1, 3, 2022, 1, 3, '', '', 12, 75, NULL),
(1537, '2022-03-17 00:00:00', 17, 1, 1, 3, 2022, 1, 4, '', '', 12, 76, NULL),
(1538, '2022-03-18 00:00:00', 18, 1, 1, 3, 2022, 1, 5, '', '', 12, 77, NULL),
(1539, '2022-03-19 00:00:00', 19, 0, 0, 3, 2022, 1, 6, '', '', 12, 78, NULL),
(1540, '2022-03-20 00:00:00', 20, 0, 0, 3, 2022, 1, 7, '', '', 12, 79, NULL),
(1541, '2022-03-21 00:00:00', 21, 1, 1, 3, 2022, 1, 1, '', '', 13, 80, NULL),
(1542, '2022-03-22 00:00:00', 22, 1, 1, 3, 2022, 1, 2, '', '', 13, 81, NULL),
(1543, '2022-03-23 00:00:00', 23, 1, 1, 3, 2022, 1, 3, '', '', 13, 82, NULL),
(1544, '2022-03-24 00:00:00', 24, 1, 1, 3, 2022, 1, 4, '', '', 13, 83, NULL),
(1545, '2022-03-25 00:00:00', 25, 1, 1, 3, 2022, 1, 5, '', '', 13, 84, NULL),
(1546, '2022-03-26 00:00:00', 26, 0, 0, 3, 2022, 1, 6, '', '', 13, 85, NULL),
(1547, '2022-03-27 00:00:00', 27, 0, 0, 3, 2022, 1, 7, '', '', 13, 86, NULL),
(1548, '2022-03-28 00:00:00', 28, 1, 1, 3, 2022, 1, 1, '', '', 14, 87, NULL),
(1549, '2022-03-29 00:00:00', 29, 1, 1, 3, 2022, 1, 2, '', '', 14, 88, NULL),
(1550, '2022-03-30 00:00:00', 30, 1, 1, 3, 2022, 1, 3, '', '', 14, 89, NULL),
(1551, '2022-03-31 00:00:00', 31, 1, 1, 3, 2022, 1, 4, '', '', 14, 90, NULL),
(1552, '2022-04-01 00:00:00', 1, 1, 1, 4, 2022, 2, 5, '', '', 14, 91, NULL),
(1553, '2022-04-02 00:00:00', 2, 0, 0, 4, 2022, 2, 6, '', '', 14, 92, NULL),
(1554, '2022-04-03 00:00:00', 3, 0, 0, 4, 2022, 2, 7, '', '', 14, 93, NULL),
(1555, '2022-04-04 00:00:00', 4, 1, 1, 4, 2022, 2, 1, '', '', 15, 94, NULL),
(1556, '2022-04-05 00:00:00', 5, 1, 1, 4, 2022, 2, 2, '', '', 15, 95, NULL),
(1557, '2022-04-06 00:00:00', 6, 1, 1, 4, 2022, 2, 3, '', '', 15, 96, NULL),
(1558, '2022-04-07 00:00:00', 7, 1, 1, 4, 2022, 2, 4, '', '', 15, 97, NULL),
(1559, '2022-04-08 00:00:00', 8, 1, 1, 4, 2022, 2, 5, '', '', 15, 98, NULL),
(1560, '2022-04-09 00:00:00', 9, 0, 0, 4, 2022, 2, 6, '', '', 15, 99, NULL),
(1561, '2022-04-10 00:00:00', 10, 0, 0, 4, 2022, 2, 7, '', '', 15, 100, NULL),
(1562, '2022-04-11 00:00:00', 11, 1, 1, 4, 2022, 2, 1, '', '', 16, 101, NULL),
(1563, '2022-04-12 00:00:00', 12, 1, 1, 4, 2022, 2, 2, '', '', 16, 102, NULL),
(1564, '2022-04-13 00:00:00', 13, 1, 1, 4, 2022, 2, 3, '', '', 16, 103, NULL),
(1565, '2022-04-14 00:00:00', 14, 1, 1, 4, 2022, 2, 4, '', '', 16, 104, NULL),
(1566, '2022-04-15 00:00:00', 15, 1, 1, 4, 2022, 2, 5, '', '', 16, 105, NULL),
(1567, '2022-04-16 00:00:00', 16, 0, 0, 4, 2022, 2, 6, '', '', 16, 106, NULL),
(1568, '2022-04-17 00:00:00', 17, 0, 0, 4, 2022, 2, 7, '', '', 16, 107, NULL),
(1569, '2022-04-18 00:00:00', 18, 1, 1, 4, 2022, 2, 1, '', '', 17, 108, NULL),
(1570, '2022-04-19 00:00:00', 19, 1, 1, 4, 2022, 2, 2, '', '', 17, 109, NULL),
(1571, '2022-04-20 00:00:00', 20, 1, 1, 4, 2022, 2, 3, '', '', 17, 110, NULL),
(1572, '2022-04-21 00:00:00', 21, 1, 1, 4, 2022, 2, 4, '', '', 17, 111, NULL),
(1573, '2022-04-22 00:00:00', 22, 1, 1, 4, 2022, 2, 5, '', '', 17, 112, NULL),
(1574, '2022-04-23 00:00:00', 23, 0, 0, 4, 2022, 2, 6, '', '', 17, 113, NULL),
(1575, '2022-04-24 00:00:00', 24, 0, 0, 4, 2022, 2, 7, '', '', 17, 114, NULL),
(1576, '2022-04-25 00:00:00', 25, 1, 1, 4, 2022, 2, 1, '', '', 18, 115, NULL),
(1577, '2022-04-26 00:00:00', 26, 1, 1, 4, 2022, 2, 2, '', '', 18, 116, NULL),
(1578, '2022-04-27 00:00:00', 27, 1, 1, 4, 2022, 2, 3, '', '', 18, 117, NULL),
(1579, '2022-04-28 00:00:00', 28, 1, 1, 4, 2022, 2, 4, '', '', 18, 118, NULL),
(1580, '2022-04-29 00:00:00', 29, 1, 1, 4, 2022, 2, 5, '', '', 18, 119, NULL),
(1581, '2022-04-30 00:00:00', 30, 0, 0, 4, 2022, 2, 6, '', '', 18, 120, NULL),
(1582, '2022-05-01 00:00:00', 1, 0, 0, 5, 2022, 2, 7, 'Официальный праздничный день 1.5.2022 воскресенье', 'Официальный праздничный день 1.5.2022 воскресенье', 18, 121, NULL),
(1583, '2022-05-02 00:00:00', 2, 0, 0, 5, 2022, 2, 1, 'Понедельник за праздничным днём 1.5.2022 воскресенье', 'Понедельник за праздничным днём 1.5.2022 воскресенье', 19, 122, NULL),
(1584, '2022-05-03 00:00:00', 3, 1, 1, 5, 2022, 2, 2, '', '', 19, 123, NULL),
(1585, '2022-05-04 00:00:00', 4, 1, 1, 5, 2022, 2, 3, '', '', 19, 124, NULL),
(1586, '2022-05-05 00:00:00', 5, 1, 1, 5, 2022, 2, 4, '', '', 19, 125, NULL),
(1587, '2022-05-06 00:00:00', 6, 1, 1, 5, 2022, 2, 5, '', '', 19, 126, NULL),
(1588, '2022-05-07 00:00:00', 7, 0, 0, 5, 2022, 2, 6, '', '', 19, 127, NULL),
(1589, '2022-05-08 00:00:00', 8, 0, 0, 5, 2022, 2, 7, '', '', 19, 128, NULL),
(1590, '2022-05-09 00:00:00', 9, 0, 0, 5, 2022, 2, 1, 'Официальный праздничный день 9.5.2022', 'Официальный праздничный день 9.5.2022', 20, 129, NULL),
(1591, '2022-05-10 00:00:00', 10, 1, 1, 5, 2022, 2, 2, '', '', 20, 130, NULL),
(1592, '2022-05-11 00:00:00', 11, 1, 1, 5, 2022, 2, 3, '', '', 20, 131, NULL),
(1593, '2022-05-12 00:00:00', 12, 1, 1, 5, 2022, 2, 4, '', '', 20, 132, NULL),
(1594, '2022-05-13 00:00:00', 13, 1, 1, 5, 2022, 2, 5, '', '', 20, 133, NULL),
(1595, '2022-05-14 00:00:00', 14, 0, 0, 5, 2022, 2, 6, '', '', 20, 134, NULL),
(1596, '2022-05-15 00:00:00', 15, 0, 0, 5, 2022, 2, 7, '', '', 20, 135, NULL),
(1597, '2022-05-16 00:00:00', 16, 1, 1, 5, 2022, 2, 1, '', '', 21, 136, NULL),
(1598, '2022-05-17 00:00:00', 17, 1, 1, 5, 2022, 2, 2, '', '', 21, 137, NULL),
(1599, '2022-05-18 00:00:00', 18, 1, 1, 5, 2022, 2, 3, '', '', 21, 138, NULL),
(1600, '2022-05-19 00:00:00', 19, 1, 1, 5, 2022, 2, 4, '', '', 21, 139, NULL),
(1601, '2022-05-20 00:00:00', 20, 1, 1, 5, 2022, 2, 5, '', '', 21, 140, NULL),
(1602, '2022-05-21 00:00:00', 21, 0, 0, 5, 2022, 2, 6, '', '', 21, 141, NULL),
(1603, '2022-05-22 00:00:00', 22, 0, 0, 5, 2022, 2, 7, '', '', 21, 142, NULL),
(1604, '2022-05-23 00:00:00', 23, 1, 1, 5, 2022, 2, 1, '', '', 22, 143, NULL),
(1605, '2022-05-24 00:00:00', 24, 1, 1, 5, 2022, 2, 2, '', '', 22, 144, NULL),
(1606, '2022-05-25 00:00:00', 25, 1, 1, 5, 2022, 2, 3, '', '', 22, 145, NULL),
(1607, '2022-05-26 00:00:00', 26, 1, 1, 5, 2022, 2, 4, '', '', 22, 146, NULL),
(1608, '2022-05-27 00:00:00', 27, 1, 1, 5, 2022, 2, 5, '', '', 22, 147, NULL),
(1609, '2022-05-28 00:00:00', 28, 0, 0, 5, 2022, 2, 6, '', '', 22, 148, NULL),
(1610, '2022-05-29 00:00:00', 29, 0, 0, 5, 2022, 2, 7, '', '', 22, 149, NULL),
(1611, '2022-05-30 00:00:00', 30, 1, 1, 5, 2022, 2, 1, '', '', 23, 150, NULL),
(1612, '2022-05-31 00:00:00', 31, 1, 1, 5, 2022, 2, 2, '', '', 23, 151, NULL),
(1613, '2022-06-01 00:00:00', 1, 1, 1, 6, 2022, 2, 3, '', '', 23, 152, NULL),
(1614, '2022-06-02 00:00:00', 2, 1, 1, 6, 2022, 2, 4, '', '', 23, 153, NULL),
(1615, '2022-06-03 00:00:00', 3, 1, 1, 6, 2022, 2, 5, '', '', 23, 154, NULL),
(1616, '2022-06-04 00:00:00', 4, 0, 0, 6, 2022, 2, 6, '', '', 23, 155, NULL),
(1617, '2022-06-05 00:00:00', 5, 0, 0, 6, 2022, 2, 7, '', '', 23, 156, NULL),
(1618, '2022-06-06 00:00:00', 6, 1, 1, 6, 2022, 2, 1, '', '', 24, 157, NULL),
(1619, '2022-06-07 00:00:00', 7, 1, 1, 6, 2022, 2, 2, '', '', 24, 158, NULL),
(1620, '2022-06-08 00:00:00', 8, 1, 1, 6, 2022, 2, 3, '', '', 24, 159, NULL),
(1621, '2022-06-09 00:00:00', 9, 1, 1, 6, 2022, 2, 4, '', '', 24, 160, NULL),
(1622, '2022-06-10 00:00:00', 10, 1, 1, 6, 2022, 2, 5, '', '', 24, 161, NULL),
(1623, '2022-06-11 00:00:00', 11, 0, 0, 6, 2022, 2, 6, '', '', 24, 162, NULL),
(1624, '2022-06-12 00:00:00', 12, 0, 0, 6, 2022, 2, 7, '', '', 24, 163, NULL),
(1625, '2022-06-13 00:00:00', 13, 1, 1, 6, 2022, 2, 1, '', '', 25, 164, NULL),
(1626, '2022-06-14 00:00:00', 14, 1, 1, 6, 2022, 2, 2, '', '', 25, 165, NULL),
(1627, '2022-06-15 00:00:00', 15, 1, 1, 6, 2022, 2, 3, '', '', 25, 166, NULL),
(1628, '2022-06-16 00:00:00', 16, 1, 1, 6, 2022, 2, 4, '', '', 25, 167, NULL),
(1629, '2022-06-17 00:00:00', 17, 1, 1, 6, 2022, 2, 5, '', '', 25, 168, NULL),
(1630, '2022-06-18 00:00:00', 18, 0, 0, 6, 2022, 2, 6, '', '', 25, 169, NULL),
(1631, '2022-06-19 00:00:00', 19, 0, 0, 6, 2022, 2, 7, '', '', 25, 170, NULL),
(1632, '2022-06-20 00:00:00', 20, 1, 1, 6, 2022, 2, 1, '', '', 26, 171, NULL),
(1633, '2022-06-21 00:00:00', 21, 1, 1, 6, 2022, 2, 2, '', '', 26, 172, NULL),
(1634, '2022-06-22 00:00:00', 22, 1, 1, 6, 2022, 2, 3, '', '', 26, 173, NULL),
(1635, '2022-06-23 00:00:00', 23, 1, 1, 6, 2022, 2, 4, '', '', 26, 174, NULL),
(1636, '2022-06-24 00:00:00', 24, 1, 1, 6, 2022, 2, 5, '', '', 26, 175, NULL),
(1637, '2022-06-25 00:00:00', 25, 0, 0, 6, 2022, 2, 6, '', '', 26, 176, NULL),
(1638, '2022-06-26 00:00:00', 26, 0, 0, 6, 2022, 2, 7, '', '', 26, 177, NULL),
(1639, '2022-06-27 00:00:00', 27, 1, 1, 6, 2022, 2, 1, '', '', 27, 178, NULL),
(1640, '2022-06-28 00:00:00', 28, 1, 1, 6, 2022, 2, 2, '', '', 27, 179, NULL),
(1641, '2022-06-29 00:00:00', 29, 1, 1, 6, 2022, 2, 3, '', '', 27, 180, NULL),
(1642, '2022-06-30 00:00:00', 30, 1, 1, 6, 2022, 2, 4, '', '', 27, 181, NULL),
(1643, '2022-07-01 00:00:00', 1, 1, 1, 7, 2022, 3, 5, '', '', 27, 182, NULL),
(1644, '2022-07-02 00:00:00', 2, 0, 0, 7, 2022, 3, 6, '', '', 27, 183, NULL),
(1645, '2022-07-03 00:00:00', 3, 0, 0, 7, 2022, 3, 7, '', '', 27, 184, NULL),
(1646, '2022-07-04 00:00:00', 4, 1, 1, 7, 2022, 3, 1, '', '', 28, 185, NULL),
(1647, '2022-07-05 00:00:00', 5, 1, 1, 7, 2022, 3, 2, '', '', 28, 186, NULL),
(1648, '2022-07-06 00:00:00', 6, 1, 1, 7, 2022, 3, 3, '', '', 28, 187, NULL),
(1649, '2022-07-07 00:00:00', 7, 1, 1, 7, 2022, 3, 4, '', '', 28, 188, NULL),
(1650, '2022-07-08 00:00:00', 8, 1, 1, 7, 2022, 3, 5, '', '', 28, 189, NULL),
(1651, '2022-07-09 00:00:00', 9, 0, 0, 7, 2022, 3, 6, '', '', 28, 190, NULL),
(1652, '2022-07-10 00:00:00', 10, 0, 0, 7, 2022, 3, 7, '', '', 28, 191, NULL),
(1653, '2022-07-11 00:00:00', 11, 1, 1, 7, 2022, 3, 1, '', '', 29, 192, NULL),
(1654, '2022-07-12 00:00:00', 12, 1, 1, 7, 2022, 3, 2, '', '', 29, 193, NULL),
(1655, '2022-07-13 00:00:00', 13, 1, 1, 7, 2022, 3, 3, '', '', 29, 194, NULL),
(1656, '2022-07-14 00:00:00', 14, 1, 1, 7, 2022, 3, 4, '', '', 29, 195, NULL),
(1657, '2022-07-15 00:00:00', 15, 1, 1, 7, 2022, 3, 5, '', '', 29, 196, NULL),
(1658, '2022-07-16 00:00:00', 16, 0, 0, 7, 2022, 3, 6, '', '', 29, 197, NULL),
(1659, '2022-07-17 00:00:00', 17, 0, 0, 7, 2022, 3, 7, '', '', 29, 198, NULL),
(1660, '2022-07-18 00:00:00', 18, 1, 1, 7, 2022, 3, 1, '', '', 30, 199, NULL),
(1661, '2022-07-19 00:00:00', 19, 1, 1, 7, 2022, 3, 2, '', '', 30, 200, NULL),
(1662, '2022-07-20 00:00:00', 20, 1, 1, 7, 2022, 3, 3, '', '', 30, 201, NULL),
(1663, '2022-07-21 00:00:00', 21, 1, 1, 7, 2022, 3, 4, '', '', 30, 202, NULL),
(1664, '2022-07-22 00:00:00', 22, 1, 1, 7, 2022, 3, 5, '', '', 30, 203, NULL),
(1665, '2022-07-23 00:00:00', 23, 0, 0, 7, 2022, 3, 6, '', '', 30, 204, NULL),
(1666, '2022-07-24 00:00:00', 24, 0, 0, 7, 2022, 3, 7, '', '', 30, 205, NULL),
(1667, '2022-07-25 00:00:00', 25, 1, 1, 7, 2022, 3, 1, '', '', 31, 206, NULL),
(1668, '2022-07-26 00:00:00', 26, 1, 1, 7, 2022, 3, 2, '', '', 31, 207, NULL),
(1669, '2022-07-27 00:00:00', 27, 1, 1, 7, 2022, 3, 3, '', '', 31, 208, NULL),
(1670, '2022-07-28 00:00:00', 28, 1, 1, 7, 2022, 3, 4, '', '', 31, 209, NULL),
(1671, '2022-07-29 00:00:00', 29, 1, 1, 7, 2022, 3, 5, '', '', 31, 210, NULL),
(1672, '2022-07-30 00:00:00', 30, 0, 0, 7, 2022, 3, 6, '', '', 31, 211, NULL),
(1673, '2022-07-31 00:00:00', 31, 0, 0, 7, 2022, 3, 7, '', '', 31, 212, NULL),
(1674, '2022-08-01 00:00:00', 1, 1, 1, 8, 2022, 3, 1, '', '', 32, 213, NULL),
(1675, '2022-08-02 00:00:00', 2, 1, 1, 8, 2022, 3, 2, '', '', 32, 214, NULL),
(1676, '2022-08-03 00:00:00', 3, 1, 1, 8, 2022, 3, 3, '', '', 32, 215, NULL),
(1677, '2022-08-04 00:00:00', 4, 1, 1, 8, 2022, 3, 4, '', '', 32, 216, NULL),
(1678, '2022-08-05 00:00:00', 5, 1, 1, 8, 2022, 3, 5, '', '', 32, 217, NULL),
(1679, '2022-08-06 00:00:00', 6, 0, 0, 8, 2022, 3, 6, '', '', 32, 218, NULL),
(1680, '2022-08-07 00:00:00', 7, 0, 0, 8, 2022, 3, 7, '', '', 32, 219, NULL),
(1681, '2022-08-08 00:00:00', 8, 1, 1, 8, 2022, 3, 1, '', '', 33, 220, NULL),
(1682, '2022-08-09 00:00:00', 9, 1, 1, 8, 2022, 3, 2, '', '', 33, 221, NULL),
(1683, '2022-08-10 00:00:00', 10, 1, 1, 8, 2022, 3, 3, '', '', 33, 222, NULL),
(1684, '2022-08-11 00:00:00', 11, 1, 1, 8, 2022, 3, 4, '', '', 33, 223, NULL),
(1685, '2022-08-12 00:00:00', 12, 1, 1, 8, 2022, 3, 5, '', '', 33, 224, NULL),
(1686, '2022-08-13 00:00:00', 13, 0, 0, 8, 2022, 3, 6, '', '', 33, 225, NULL),
(1687, '2022-08-14 00:00:00', 14, 0, 0, 8, 2022, 3, 7, '', '', 33, 226, NULL),
(1688, '2022-08-15 00:00:00', 15, 1, 1, 8, 2022, 3, 1, '', '', 34, 227, NULL),
(1689, '2022-08-16 00:00:00', 16, 1, 1, 8, 2022, 3, 2, '', '', 34, 228, NULL),
(1690, '2022-08-17 00:00:00', 17, 1, 1, 8, 2022, 3, 3, '', '', 34, 229, NULL),
(1691, '2022-08-18 00:00:00', 18, 1, 1, 8, 2022, 3, 4, '', '', 34, 230, NULL),
(1692, '2022-08-19 00:00:00', 19, 1, 1, 8, 2022, 3, 5, '', '', 34, 231, NULL),
(1693, '2022-08-20 00:00:00', 20, 0, 0, 8, 2022, 3, 6, '', '', 34, 232, NULL),
(1694, '2022-08-21 00:00:00', 21, 0, 0, 8, 2022, 3, 7, '', '', 34, 233, NULL),
(1695, '2022-08-22 00:00:00', 22, 1, 1, 8, 2022, 3, 1, '', '', 35, 234, NULL),
(1696, '2022-08-23 00:00:00', 23, 1, 1, 8, 2022, 3, 2, '', '', 35, 235, NULL),
(1697, '2022-08-24 00:00:00', 24, 1, 1, 8, 2022, 3, 3, '', '', 35, 236, NULL),
(1698, '2022-08-25 00:00:00', 25, 1, 1, 8, 2022, 3, 4, '', '', 35, 237, NULL),
(1699, '2022-08-26 00:00:00', 26, 1, 1, 8, 2022, 3, 5, '', '', 35, 238, NULL),
(1700, '2022-08-27 00:00:00', 27, 0, 0, 8, 2022, 3, 6, '', '', 35, 239, NULL),
(1701, '2022-08-28 00:00:00', 28, 0, 0, 8, 2022, 3, 7, '', '', 35, 240, NULL),
(1702, '2022-08-29 00:00:00', 29, 1, 1, 8, 2022, 3, 1, '', '', 36, 241, NULL),
(1703, '2022-08-30 00:00:00', 30, 1, 1, 8, 2022, 3, 2, '', '', 36, 242, NULL),
(1704, '2022-08-31 00:00:00', 31, 1, 1, 8, 2022, 3, 3, '', '', 36, 243, NULL),
(1705, '2022-09-01 00:00:00', 1, 1, 1, 9, 2022, 3, 4, '', '', 36, 244, NULL),
(1706, '2022-09-02 00:00:00', 2, 1, 1, 9, 2022, 3, 5, '', '', 36, 245, NULL),
(1707, '2022-09-03 00:00:00', 3, 0, 0, 9, 2022, 3, 6, '', '', 36, 246, NULL),
(1708, '2022-09-04 00:00:00', 4, 0, 0, 9, 2022, 3, 7, '', '', 36, 247, NULL),
(1709, '2022-09-05 00:00:00', 5, 1, 1, 9, 2022, 3, 1, '', '', 37, 248, NULL),
(1710, '2022-09-06 00:00:00', 6, 1, 1, 9, 2022, 3, 2, '', '', 37, 249, NULL),
(1711, '2022-09-07 00:00:00', 7, 1, 1, 9, 2022, 3, 3, '', '', 37, 250, NULL),
(1712, '2022-09-08 00:00:00', 8, 1, 1, 9, 2022, 3, 4, '', '', 37, 251, NULL),
(1713, '2022-09-09 00:00:00', 9, 1, 1, 9, 2022, 3, 5, '', '', 37, 252, NULL),
(1714, '2022-09-10 00:00:00', 10, 0, 0, 9, 2022, 3, 6, '', '', 37, 253, NULL),
(1715, '2022-09-11 00:00:00', 11, 0, 0, 9, 2022, 3, 7, '', '', 37, 254, NULL),
(1716, '2022-09-12 00:00:00', 12, 1, 1, 9, 2022, 3, 1, '', '', 38, 255, NULL),
(1717, '2022-09-13 00:00:00', 13, 1, 1, 9, 2022, 3, 2, '', '', 38, 256, NULL),
(1718, '2022-09-14 00:00:00', 14, 1, 1, 9, 2022, 3, 3, '', '', 38, 257, NULL),
(1719, '2022-09-15 00:00:00', 15, 1, 1, 9, 2022, 3, 4, '', '', 38, 258, NULL),
(1720, '2022-09-16 00:00:00', 16, 1, 1, 9, 2022, 3, 5, '', '', 38, 259, NULL),
(1721, '2022-09-17 00:00:00', 17, 0, 0, 9, 2022, 3, 6, '', '', 38, 260, NULL),
(1722, '2022-09-18 00:00:00', 18, 0, 0, 9, 2022, 3, 7, '', '', 38, 261, NULL),
(1723, '2022-09-19 00:00:00', 19, 1, 1, 9, 2022, 3, 1, '', '', 39, 262, NULL),
(1724, '2022-09-20 00:00:00', 20, 1, 1, 9, 2022, 3, 2, '', '', 39, 263, NULL),
(1725, '2022-09-21 00:00:00', 21, 1, 1, 9, 2022, 3, 3, '', '', 39, 264, NULL),
(1726, '2022-09-22 00:00:00', 22, 1, 1, 9, 2022, 3, 4, '', '', 39, 265, NULL),
(1727, '2022-09-23 00:00:00', 23, 1, 1, 9, 2022, 3, 5, '', '', 39, 266, NULL),
(1728, '2022-09-24 00:00:00', 24, 0, 0, 9, 2022, 3, 6, '', '', 39, 267, NULL),
(1729, '2022-09-25 00:00:00', 25, 0, 0, 9, 2022, 3, 7, '', '', 39, 268, NULL),
(1730, '2022-09-26 00:00:00', 26, 1, 1, 9, 2022, 3, 1, '', '', 40, 269, NULL),
(1731, '2022-09-27 00:00:00', 27, 1, 1, 9, 2022, 3, 2, '', '', 40, 270, NULL),
(1732, '2022-09-28 00:00:00', 28, 1, 1, 9, 2022, 3, 3, '', '', 40, 271, NULL),
(1733, '2022-09-29 00:00:00', 29, 1, 1, 9, 2022, 3, 4, '', '', 40, 272, NULL),
(1734, '2022-09-30 00:00:00', 30, 1, 1, 9, 2022, 3, 5, '', '', 40, 273, NULL),
(1735, '2022-10-01 00:00:00', 1, 0, 0, 10, 2022, 4, 6, '', '', 40, 274, NULL),
(1736, '2022-10-02 00:00:00', 2, 0, 0, 10, 2022, 4, 7, '', '', 40, 275, NULL),
(1737, '2022-10-03 00:00:00', 3, 1, 1, 10, 2022, 4, 1, '', '', 41, 276, NULL),
(1738, '2022-10-04 00:00:00', 4, 1, 1, 10, 2022, 4, 2, '', '', 41, 277, NULL),
(1739, '2022-10-05 00:00:00', 5, 1, 1, 10, 2022, 4, 3, '', '', 41, 278, NULL),
(1740, '2022-10-06 00:00:00', 6, 1, 1, 10, 2022, 4, 4, '', '', 41, 279, NULL),
(1741, '2022-10-07 00:00:00', 7, 1, 1, 10, 2022, 4, 5, '', '', 41, 280, NULL),
(1742, '2022-10-08 00:00:00', 8, 0, 0, 10, 2022, 4, 6, '', '', 41, 281, NULL),
(1743, '2022-10-09 00:00:00', 9, 0, 0, 10, 2022, 4, 7, '', '', 41, 282, NULL),
(1744, '2022-10-10 00:00:00', 10, 1, 1, 10, 2022, 4, 1, '', '', 42, 283, NULL),
(1745, '2022-10-11 00:00:00', 11, 1, 1, 10, 2022, 4, 2, '', '', 42, 284, NULL),
(1746, '2022-10-12 00:00:00', 12, 1, 1, 10, 2022, 4, 3, '', '', 42, 285, NULL),
(1747, '2022-10-13 00:00:00', 13, 1, 1, 10, 2022, 4, 4, '', '', 42, 286, NULL),
(1748, '2022-10-14 00:00:00', 14, 0, 0, 10, 2022, 4, 5, 'Официальный праздничный день 14.10.2022', 'Официальный праздничный день 14.10.2022', 42, 287, NULL),
(1749, '2022-10-15 00:00:00', 15, 0, 0, 10, 2022, 4, 6, '', '', 42, 288, NULL),
(1750, '2022-10-16 00:00:00', 16, 0, 0, 10, 2022, 4, 7, '', '', 42, 289, NULL),
(1751, '2022-10-17 00:00:00', 17, 1, 1, 10, 2022, 4, 1, '', '', 43, 290, NULL),
(1752, '2022-10-18 00:00:00', 18, 1, 1, 10, 2022, 4, 2, '', '', 43, 291, NULL),
(1753, '2022-10-19 00:00:00', 19, 1, 1, 10, 2022, 4, 3, '', '', 43, 292, NULL),
(1754, '2022-10-20 00:00:00', 20, 1, 1, 10, 2022, 4, 4, '', '', 43, 293, NULL),
(1755, '2022-10-21 00:00:00', 21, 1, 1, 10, 2022, 4, 5, '', '', 43, 294, NULL),
(1756, '2022-10-22 00:00:00', 22, 0, 0, 10, 2022, 4, 6, '', '', 43, 295, NULL),
(1757, '2022-10-23 00:00:00', 23, 0, 0, 10, 2022, 4, 7, '', '', 43, 296, NULL),
(1758, '2022-10-24 00:00:00', 24, 1, 1, 10, 2022, 4, 1, '', '', 44, 297, NULL),
(1759, '2022-10-25 00:00:00', 25, 1, 1, 10, 2022, 4, 2, '', '', 44, 298, NULL),
(1760, '2022-10-26 00:00:00', 26, 1, 1, 10, 2022, 4, 3, '', '', 44, 299, NULL),
(1761, '2022-10-27 00:00:00', 27, 1, 1, 10, 2022, 4, 4, '', '', 44, 300, NULL),
(1762, '2022-10-28 00:00:00', 28, 1, 1, 10, 2022, 4, 5, '', '', 44, 301, NULL),
(1763, '2022-10-29 00:00:00', 29, 0, 0, 10, 2022, 4, 6, '', '', 44, 302, NULL),
(1764, '2022-10-30 00:00:00', 30, 0, 0, 10, 2022, 4, 7, '', '', 44, 303, NULL),
(1765, '2022-10-31 00:00:00', 31, 1, 1, 10, 2022, 4, 1, '', '', 45, 304, NULL),
(1766, '2022-11-01 00:00:00', 1, 1, 1, 11, 2022, 4, 2, '', '', 45, 305, NULL),
(1767, '2022-11-02 00:00:00', 2, 1, 1, 11, 2022, 4, 3, '', '', 45, 306, NULL),
(1768, '2022-11-03 00:00:00', 3, 1, 1, 11, 2022, 4, 4, '', '', 45, 307, NULL),
(1769, '2022-11-04 00:00:00', 4, 1, 1, 11, 2022, 4, 5, '', '', 45, 308, NULL),
(1770, '2022-11-05 00:00:00', 5, 0, 0, 11, 2022, 4, 6, '', '', 45, 309, NULL),
(1771, '2022-11-06 00:00:00', 6, 0, 0, 11, 2022, 4, 7, '', '', 45, 310, NULL),
(1772, '2022-11-07 00:00:00', 7, 1, 1, 11, 2022, 4, 1, '', '', 46, 311, NULL),
(1773, '2022-11-08 00:00:00', 8, 1, 1, 11, 2022, 4, 2, '', '', 46, 312, NULL),
(1774, '2022-11-09 00:00:00', 9, 1, 1, 11, 2022, 4, 3, '', '', 46, 313, NULL),
(1775, '2022-11-10 00:00:00', 10, 1, 1, 11, 2022, 4, 4, '', '', 46, 314, NULL),
(1776, '2022-11-11 00:00:00', 11, 1, 1, 11, 2022, 4, 5, '', '', 46, 315, NULL),
(1777, '2022-11-12 00:00:00', 12, 0, 0, 11, 2022, 4, 6, '', '', 46, 316, NULL),
(1778, '2022-11-13 00:00:00', 13, 0, 0, 11, 2022, 4, 7, '', '', 46, 317, NULL),
(1779, '2022-11-14 00:00:00', 14, 1, 1, 11, 2022, 4, 1, '', '', 47, 318, NULL),
(1780, '2022-11-15 00:00:00', 15, 1, 1, 11, 2022, 4, 2, '', '', 47, 319, NULL),
(1781, '2022-11-16 00:00:00', 16, 1, 1, 11, 2022, 4, 3, '', '', 47, 320, NULL),
(1782, '2022-11-17 00:00:00', 17, 1, 1, 11, 2022, 4, 4, '', '', 47, 321, NULL),
(1783, '2022-11-18 00:00:00', 18, 1, 1, 11, 2022, 4, 5, '', '', 47, 322, NULL),
(1784, '2022-11-19 00:00:00', 19, 0, 0, 11, 2022, 4, 6, '', '', 47, 323, NULL),
(1785, '2022-11-20 00:00:00', 20, 0, 0, 11, 2022, 4, 7, '', '', 47, 324, NULL),
(1786, '2022-11-21 00:00:00', 21, 1, 1, 11, 2022, 4, 1, '', '', 48, 325, NULL),
(1787, '2022-11-22 00:00:00', 22, 1, 1, 11, 2022, 4, 2, '', '', 48, 326, NULL),
(1788, '2022-11-23 00:00:00', 23, 1, 1, 11, 2022, 4, 3, '', '', 48, 327, NULL),
(1789, '2022-11-24 00:00:00', 24, 1, 1, 11, 2022, 4, 4, '', '', 48, 328, NULL),
(1790, '2022-11-25 00:00:00', 25, 1, 1, 11, 2022, 4, 5, '', '', 48, 329, NULL),
(1791, '2022-11-26 00:00:00', 26, 0, 0, 11, 2022, 4, 6, '', '', 48, 330, NULL),
(1792, '2022-11-27 00:00:00', 27, 0, 0, 11, 2022, 4, 7, '', '', 48, 331, NULL),
(1793, '2022-11-28 00:00:00', 28, 1, 1, 11, 2022, 4, 1, '', '', 49, 332, NULL),
(1794, '2022-11-29 00:00:00', 29, 1, 1, 11, 2022, 4, 2, '', '', 49, 333, NULL),
(1795, '2022-11-30 00:00:00', 30, 1, 1, 11, 2022, 4, 3, '', '', 49, 334, NULL),
(1796, '2022-12-01 00:00:00', 1, 1, 1, 12, 2022, 4, 4, '', '', 49, 335, NULL),
(1797, '2022-12-02 00:00:00', 2, 1, 1, 12, 2022, 4, 5, '', '', 49, 336, NULL),
(1798, '2022-12-03 00:00:00', 3, 0, 0, 12, 2022, 4, 6, '', '', 49, 337, NULL),
(1799, '2022-12-04 00:00:00', 4, 0, 0, 12, 2022, 4, 7, '', '', 49, 338, NULL),
(1800, '2022-12-05 00:00:00', 5, 1, 1, 12, 2022, 4, 1, '', '', 50, 339, NULL),
(1801, '2022-12-06 00:00:00', 6, 1, 1, 12, 2022, 4, 2, '', '', 50, 340, NULL),
(1802, '2022-12-07 00:00:00', 7, 1, 1, 12, 2022, 4, 3, '', '', 50, 341, NULL),
(1803, '2022-12-08 00:00:00', 8, 1, 1, 12, 2022, 4, 4, '', '', 50, 342, NULL),
(1804, '2022-12-09 00:00:00', 9, 1, 1, 12, 2022, 4, 5, '', '', 50, 343, NULL),
(1805, '2022-12-10 00:00:00', 10, 0, 0, 12, 2022, 4, 6, '', '', 50, 344, NULL),
(1806, '2022-12-11 00:00:00', 11, 0, 0, 12, 2022, 4, 7, '', '', 50, 345, NULL),
(1807, '2022-12-12 00:00:00', 12, 1, 1, 12, 2022, 4, 1, '', '', 51, 346, NULL),
(1808, '2022-12-13 00:00:00', 13, 1, 1, 12, 2022, 4, 2, '', '', 51, 347, NULL),
(1809, '2022-12-14 00:00:00', 14, 1, 1, 12, 2022, 4, 3, '', '', 51, 348, NULL),
(1810, '2022-12-15 00:00:00', 15, 1, 1, 12, 2022, 4, 4, '', '', 51, 349, NULL),
(1811, '2022-12-16 00:00:00', 16, 1, 1, 12, 2022, 4, 5, '', '', 51, 350, NULL),
(1812, '2022-12-17 00:00:00', 17, 0, 0, 12, 2022, 4, 6, '', '', 51, 351, NULL),
(1813, '2022-12-18 00:00:00', 18, 0, 0, 12, 2022, 4, 7, '', '', 51, 352, NULL),
(1814, '2022-12-19 00:00:00', 19, 1, 1, 12, 2022, 4, 1, '', '', 52, 353, NULL),
(1815, '2022-12-20 00:00:00', 20, 1, 1, 12, 2022, 4, 2, '', '', 52, 354, NULL),
(1816, '2022-12-21 00:00:00', 21, 1, 1, 12, 2022, 4, 3, '', '', 52, 355, NULL),
(1817, '2022-12-22 00:00:00', 22, 1, 1, 12, 2022, 4, 4, '', '', 52, 356, NULL),
(1818, '2022-12-23 00:00:00', 23, 1, 1, 12, 2022, 4, 5, '', '', 52, 357, NULL),
(1819, '2022-12-24 00:00:00', 24, 0, 0, 12, 2022, 4, 6, '', '', 52, 358, NULL),
(1820, '2022-12-25 00:00:00', 25, 0, 0, 12, 2022, 4, 7, 'Официальный праздничный день 25.12.2022 воскресенье', 'Официальный праздничный день 25.12.2022 воскресенье', 52, 359, NULL),
(1821, '2022-12-26 00:00:00', 26, 0, 0, 12, 2022, 4, 1, 'Понедельник за праздничным днём 25.12.2022 воскресенье', 'Понедельник за праздничным днём 25.12.2022 воскресенье', 53, 360, NULL),
(1822, '2022-12-27 00:00:00', 27, 1, 1, 12, 2022, 4, 2, '', '', 53, 361, NULL),
(1823, '2022-12-28 00:00:00', 28, 1, 1, 12, 2022, 4, 3, '', '', 53, 362, NULL),
(1824, '2022-12-29 00:00:00', 29, 1, 1, 12, 2022, 4, 4, '', '', 53, 363, NULL),
(1825, '2022-12-30 00:00:00', 30, 1, 1, 12, 2022, 4, 5, '', '', 53, 364, NULL),
(1826, '2022-12-31 00:00:00', 31, 0, 0, 12, 2022, 4, 6, '', '', 53, 365, NULL);

-- 
-- Dumping data for table bills
--
-- Table xbill.bills does not contain any data (it is empty)

-- 
-- Dumping data for table agreements
--
-- Table xbill.agreements does not contain any data (it is empty)

-- 
-- Dumping data for table address_types
--
INSERT INTO address_types VALUES
('p', 'Object address for payment', 'Адрес объекта для оплаты'),
('b', 'Payer''s address for correspondence', 'Адрес плательщика для переписки'),
('w', 'Whatsapp Payer number', 'Whatsapp Номер плательщика '),
('t', 'Telegram Payer''s number', 'Telegram Номер плательщика '),
('v', 'Viber Payer''s number', 'Viber Номер плательщика '),
('c', 'Payer''s phone number', 'Номер телефона плательщика'),
('f', 'Payer''s physical registration address', 'Физический адрес регистрации плательщика'),
('@', 'Payer''s email', 'Электронная почта плательщика'),
('d', 'Legal address of the recipient (subscriber)', 'Юридический адрес получателя (подписчика)');

-- 
-- Dumping data for table addresses
--
-- Table xbill.addresses does not contain any data (it is empty)

-- 
-- Dumping data for table accounts
--
-- Table xbill.accounts does not contain any data (it is empty)

-- 
-- Restore previous SQL mode
-- 
/*!40101 SET SQL_MODE=@OLD_SQL_MODE */;

-- 
-- Enable foreign keys
-- 
/*!40014 SET FOREIGN_KEY_CHECKS=@OLD_FOREIGN_KEY_CHECKS */;